:1000000008C5000041C500003FC500003DC5000017
:100010003BC5000039C5000037C5000035C50000EC
:1000200033C5000031C500000C942E450C94FE45EC
:100030000C94E03E29C5000027C5000025C500003E
:1000400023C5000021C500001FC500001DC500001C
:100050001BC500000C942C3F17C5000015C50000FF
:1000600013C5000011C500000FC500000DC500003C
:100070000BC5000009C5000007C5000005C500004C
:100080000C942A1C01C50000FFC40000FDC4000040
:10009000FBC40000F9C40000000212220003132375
:1000A00000041424000A1A2A000B1B2B000C1C2C21
:1000B000010212220103132301041424010A1A2A43
:1000C000010B1B2B010C1C2C000515250006162608
:1000D00000071727000D1D2D000E1E2E000F1F2FCD
:1000E000010515250106162601071727010D1D2DEF
:1000F000010E1E2E010F1F2F0080706000817161A4
:10010000008272620088786800897969008A7A6A58
:10011000018070600181716101827262018878687A
:1001200001897969018A7A6A00837363008474643F
:1001300000857565008B7B6B008C7C6C008D7D6D04
:10014000008E7E5D0183736301847464018575652F
:10015000018B7B6B018C7C6C018D7D6D2B00140001
:100160001A000800150017001C0018000C001200EF
:1001700013002A00290004001600070009000A00E5
:100180000B000D000E000F0033003400E1001D00D5
:100190001B00060019000500110010003600370092
:1001A00038002800417EE000E200E30023522C00EA
:1001B0002C0024525000510052004F002B0014001C
:1001C0001A00090013000A000D000F0018001C009F
:1001D00033002A002900040015001600170007004C
:1001E0000B00110008000C0012003400E1001D009B
:1001F0001B000600190005000E0010003600370035
:1002000038002800417EE000E200E30023522C0089
:100210002C0024525000510052004F002B0034009B
:100220003600370013001C0009000A000600150004
:100230000F002A00290004001200080018000C001A
:1002400007000B001700110016003800E100330012
:1002500014000D000E001B00050010001A0019000C
:100260001D002800417EE000E200E30023522C0044
:100270002C0024525000510052004F0035021E0243
:100280001F0220022102220223022402250226024A
:1002900027022A004C003A003B003C003D003E0093
:1002A0003F002D022E022F023002310201004000D9
:1002B00041004200430044004500320264024A000B
:1002C0004D000100010001000100010001000100DA
:1002D00001000100AB00AA00A900AE0035001E001D
:1002E0001F002000210022002300240025002600FA
:1002F00027002A004C003A003B003C003D003E0035
:100300003F002D002E002F00300031000100400082
:1003100041004200430044004500320064004B00AD
:100320004E00010001000100010001000100010078
:1003300001000100AB00AA00A900AE001E001E00D3
:100340001E001E001E001E001E001E001E001E00BD
:100350001E001E00000014001A00080015001700FF
:100360001C0018000C00120013002F0000000400F5
:100370001600070009000A000B000D000E000F0018
:1003800033003400427E0000000006001900000027
:100390000000110010000000000000000100007CBF
:1003A000027C20782178237824782578267827788D
:1003B00028784C00010001009374807481741570DA
:1003C0001470E052E152E252407E01000100957447
:1003D0009474907491740071017101000100010026
:1003E0000100010001000100010001000100010005
:1003F0000100010001000100010001006C65645F63
:100400007461736B3A20253032580A004F6E657361
:10041000686F743A206163746976653A2025640ACE
:100420000044454255473A2064697361626C6564D3
:100430002E0A0044454255473A20656E61626C655C
:10044000642E0A000A002530313662003A20002569
:10045000303258000A722F6320303132333435364F
:100460003738394142434445460A00617564696F33
:100470005F696E697420617564696F5F636F6E6632
:1004800069672E76616C6964203D20302E2057729A
:100490006974652064656661756C742076616C753D
:1004A000657320746F20454550524F4D2E0A0072DF
:1004B0006762206D61747269782073657420666C60
:1004C000616773205B25735D3A2025750A007267AA
:1004D00062206D6174726978207365742073706531
:1004E0006564205B25735D3A2025750A007267629A
:1004F000206D61747269782073657420687376204A
:100500005B25735D3A2025752C25752C25750A0011
:10051000726762206D6174726978206D6F64652006
:100520005B25735D3A2025750A00726762206D6154
:100530007472697820746F67676C65205B25735DE2
:100540003A207267625F6D61747269785F636F6E83
:100550006669672E656E61626C65203D2025750AAF
:10056000007267625F6D61747269785F696E697449
:100570005F64726976657273207267625F6D617421
:100580007269785F636F6E6669672E6D6F64652050
:100590003D20302E20577269746520646566617550
:1005A0006C742076616C75657320746F20454550BE
:1005B000524F4D2E0A007267625F6D6174726978E6
:1005C0005F636F6E6669672E666C616773203D209E
:1005D00025640A007267625F6D61747269785F6397
:1005E0006F6E6669672E7370656564203D202564B3
:1005F0000A007267625F6D61747269785F636F6E23
:100600006669672E6873762E76203D2025640A0081
:100610007267625F6D61747269785F636F6E66693D
:10062000672E6873762E73203D2025640A0072675A
:10063000625F6D61747269785F636F6E6669672E61
:100640006873762E68203D2025640A007267625F19
:100650006D61747269785F636F6E6669672E6D6F26
:100660006465203D2025640A007267625F6D6174D5
:100670007269785F636F6E6669672E656E61626C22
:1006800065203D2025640A007267625F6D617472A7
:1006900069785F636F6E66696720454550524F4DBC
:1006A0000A006565636F6E6669675F757064617483
:1006B000655F7267625F6D61747269785F646566B9
:1006C00061756C740A000001010101010101010161
:1006D00002020202020202020203030303030303F3
:1006E00003040404040404040505050505060606C0
:1006F0000606070707070708080808090909090A7D
:100700000A0A0B0B0B0C0C0C0D0D0D0E0E0E0F0F21
:100710000F101011111112121313141415151616AF
:100720001717181819191A1A1B1B1C1D1D1E1E1F1E
:100730002020212222232424252626272829292A6D
:100740002B2C2D2D2E2F3031323233343536373895
:10075000393A3B3C3D3E3F40414243444546474891
:10076000494A4C4D4E4F50515354555658595A5B67
:100770005D5E5F616264656668696B6C6D6F707207
:10078000737577787A7B7D7E8082838587888A8C73
:100790008E8F91939596989A9C9EA0A2A3A5A7A9A7
:1007A000ABADAFB1B3B5B7BABCBEC0C2C4C6C9CB9E
:1007B000CDCFD1D4D6D8DBDDDFE2E4E7E9EBEEF054
:1007C000F3F5F8FAFDFF0A002530325820006E6B71
:1007D000726F5F7265706F72743A202530325820E4
:1007E0007C20000A002530325820006B6579626F4A
:1007F0006172645F7265706F72743A20253032588E
:10080000207C200064656C5F6B65795F6269743A77
:100810002063616E27742064656C3A20253032585D
:100820000A006164645F6B65795F6269743A206392
:10083000616E2774206164643A20253032580A00C2
:100840005B575D005B535D005B525D005B445D0088
:100850005B435D001A0350006C0061006E00630092
:100860006B0020004C006900670068007400000005
:100870000A034F004C004B0042000000040309042F
:100880000902B800050100A0FA09040000010301F3
:10089000010009211101000122440007058103081C
:1008A00000010904010001030000000921110100F9
:1008B00001226F00070582032000010904020001E4
:1008C0000300000009211101000122150007058322
:1008D00003200001080B03020101000009040300CA
:1008E00000010100000924010001090001040904BC
:1008F0000400020103000007240100014100062456
:10090000020101000624020202000924030103017E
:100910000201000924030204010101000905050286
:100920004000050000052501010109058402400081
:100930000500000525010103120100020000000866
:10094000A803A2BE0100010200010631FF0974A143
:10095000010975150026FF00952075088102C00564
:10096000010980A10185031A81002A8F00168100E8
:10097000268F00950175108100C0050C0901A101A9
:10098000850419012AA002150126A00295017510FF
:100990008100C005010906A1018506050719E029A6
:1009A000E715002501950875018102050719002941
:1009B000EF1500250195F07501810205081901293F
:1009C00005950575019102950175039101C0050119
:1009D0000906A101050719E029E715002501950879
:1009E000750181029501750881010507190029FF2C
:1009F000150026FF009506750881000508190129D4
:100A00000515002501950575019102950175039164
:100A100001C011241FBECFEFD0E2DEBFCDBF04B6B0
:100A200003FE19C08091E50C9091E60CA091E70CB3
:100A3000B091E80C8730904BA740B04B61F4109216
:100A4000E50C1092E60C1092E70C1092E80CE0E036
:100A5000F0EF099500C017E0A0E0B1E0E2EAFCE9A0
:100A600000E00BBF02C007900D92A23CB107D9F77E
:100A70002CE0A2ECB7E001C01D92A53EB207E1F761
:100A80000E941A170C94834DBBCAFF93EF93E09119
:100A9000C207F091C307309709F00995EF91FF91D4
:100AA0000895FC018591803011F0EFDFFBCF0895B0
:100AB000FF27E0E230E247FF0CC0419597FF09C0F5
:100AC000EDE26095709580959095611D711D811D79
:100AD000911D27FF02C0219530E350E2AA27660F3F
:100AE000771F881F991FAA1FA41710F0A41B6395D6
:100AF0005A95A9F7AA3008F0A95FA05DAF93F395C6
:100B0000611571058105910541F7ED3211F4EF93FF
:100B1000F395F21718F43F93F395FBCF8F91B5DF60
:100B2000FA95E1F70895E991F9918591803021F0E6
:100B3000853219F0AADFF9CF089520E0E8945591A5
:100B40005532C1F3503311F4689455915A3348F437
:100B5000505390F3220F022E220F220F200D250F4B
:100B6000F4CF0EF4219589919991533619F35337A7
:100B700029F1533559F1BC0188279927E8945C364F
:100B800021F48991999168945591543639F446EF3E
:100B90007EF077FF0DC08FEF9FEF0AC055374AE018
:100BA00039F0583540E121F0523642E009F008951D
:100BB000FF93EF937DDFEF91FF91B7CFFF93EF931B
:100BC000FC0181918030B9F360DFFBCFFF93EF939D
:100BD00068DFF1CFDF93CF93CDB7DEB72596A3DFE4
:100BE000CF91DF910895E82FF0E0893010F5EA53B6
:100BF000F24B0C94544C8091CB0708958091C80718
:100C0000817008958091C8078695817008958091BC
:100C1000C80782FB882780F908958091C80783FB65
:100C2000882780F908958091CA07EACF8091CA0782
:100C3000EBCFE95041E050E060E070E004C0440FC9
:100C4000551F661F771FEA95D2F78091C4079091D0
:100C5000C507A091C607B091C707482359236A2347
:100C60007B2381E0452B462B472B19F480E0089528
:100C700081E00895EF92FF920F931F93CF93DF933C
:100C80000091CB07011156C080910401ACDFE82E22
:100C9000F12C80910501A7DFE80EF11CE80EF11C94
:100CA00080910601A0DF94E0899FE0011124CE0D20
:100CB000DF1D8091070197DF98E0899FF0011124E3
:100CC000C45FDE4FEC0FFD1F40818091C907811189
:100CD00009C02091CA073091CB072F5F3F4F237087
:100CE0002093CA0790E0019663E070E00E94034CF5
:100CF0008093C9078091C8079091C90701968F70AA
:100D00008093C8078091C4079091C507A091C6073A
:100D1000B091C707880F991FAA1FBB1F840F911D91
:100D2000A11DB11D8093C4079093C507A093C6076A
:100D3000B093C707C801839581708093CB078091DA
:100D4000080151DFD82F809109014DDFC82F809114
:100D50000A0149DFCC0F880F880FC80FCD0F809193
:100D60000B0141DF880F880F880F8C0FCDB7DEB7DE
:100D7000E6E00C94854C569A5E9A0C949A15833052
:100D800039F4653029F489E2FA01808381E008951D
:100D900080E0089526E044E063E0E7C6FB0181348B
:100DA0002EE7920749F082342EE79207B9F180349A
:100DB0009E4761F081E008958581811521F085EEDF
:100DC00048D280E0089585EEC1D2FBCF85818115A0
:100DD000C1F30E94981740E066E070E082E192E083
:100DE0000E94411984E0BFD583E0BDD586E0BBD524
:100DF00085E0ABD50E94B411811102C00E94B011F0
:100E00008AE59BE00E94BC1180915A0B8068809318
:100E10005A0B8AE59BE00E94BE11D3CF85818115D4
:100E200081F240E066E070E082EE91E00E944119BC
:100E300085E099D5C6CFA3E2B0E0E1E2F7E00C94FB
:100E40006B4C8091CC079091CD072091CF07211555
:100E5000C9F1892B21F583E2EDE7F6E08E010F5F02
:100E60001F4FD80101900D928A95E1F703DFF80139
:100E7000E80FF11D8081982F8091E101980F192FC3
:100E80008091CE07891759F00E9432170E94EF1700
:100E9000812F0E9432170E94FD181093CE07809177
:100EA000CC079091CD0701966091DF017091E00130
:100EB0000E94EF4B8093CC079093CD07A396E4E07C
:100EC0000C94874C892BD1F30E9498171092CC0771
:100ED0001092CD07F3CF835292459C0181E02230DE
:100EE000310508F480E008958730C8F46430B8F420
:100EF0004C30A8F450E09CE0699F400D511D112436
:100F000090E3899F400D511D1124FA01EE0FFF1F40
:100F1000E45AFE4F85919591282F822F089521E064
:100F200090E0FBCFE1CF089581E0089581E008953E
:100F3000FBCF089581E0089531CF08950895089575
:100F4000FDCF08950895A6E0B0E0E9EAF7E00C943B
:100F50006C4C49835A839E833091D50789819A814D
:100F6000311117C03E81311589F0211579F0A3D5D3
:100F7000182F682F89819A817DD569817A81812F87
:100F80000E94C3132696E3E00C94884C84D5182F56
:100F9000F4CF91D569817A81F3CFFC01262F40816E
:100FA00051816281738184819581CDCFCF93DF930D
:100FB000EC0161E0F2DFBE01B9DF811529F061E0EB
:100FC000CE01EBDFBE01B4DFDF91CF9108950F9327
:100FD0001F93CF93DF93EC0160E0DFDF8C01BE0154
:100FE000AEDFBE01C801ACDFDF91CF911F910F9141
:100FF00008950F931F93CF93DF93EC0161E0CDDF52
:101000008C01BE0197DF811106C080E0DF91CF9196
:101010001F910F910895BE01C8018EDF8115A9F3BC
:10102000BE01C8010E944E17811579F3BE01C801A7
:101030000E942C3A811549F3BE01C8010E94CB3BA6
:10104000811519F3BE01C8010E947B388115E9F2B0
:10105000BE01C8010E9452388115B9F2BE01C80113
:101060000E94E022811589F2BE01C8010E942E2350
:10107000811559F2BE01C8010E94C414811529F2DC
:10108000BE01C8010E94D614811509F4BECFBE016D
:10109000C8010E94F014BACFCF93C82F20E8829FD6
:1010A000C001112440E060E170E08E5B9D4F0E9422
:1010B000411981E090E002C0880F991FCA95E2F7BC
:1010C00016D4CF910895CF93C82F81E090E00C2ED5
:1010D00002C0880F991F0A94E2F70E94BA118C2F60
:1010E000DBDFCF91089581E0089581E00895FBCF83
:1010F0000895CF93C82FAAD30E94D7220E949C396B
:101100000E94CD198C2FF1DF8C2FF1DFCF91089544
:1011100081E0EFDF0C94503F80E0EBDF0C94743FF4
:1011200036D080E00E94A4340DDF0C948D3E829571
:10113000982F990F990F9C7C869586958373982B91
:10114000892F880F8A7A96959575892B08950F9324
:101150001F93CF93C92FEBDF082F8C2FE8DF902F41
:10116000CF911F910F91089581E008950895CF9335
:10117000DF93D82FF9DFC82F811511F08D2FF6DFFF
:101180008C2FDF91CF9108950895F1CF08950E949B
:10119000193CFBCFCF930E94193CC82F8091D007F8
:1011A0008C17F1F0C093D0070E94203F6093D107C5
:1011B0007093D2078093D3079093D40780919208BD
:1011C0008570853059F41F92CF938CEF93E09F93F5
:1011D0008F9300DD0F900F900F900F908C2FD5DF25
:1011E000CF910895ADE0B0E0E8EFF8E00C946D4CDD
:1011F000488759876A877B878C879D8791118ED70F
:101200001F8286E0FE0138969E012F5F3F4FD90175
:1012100001900D928A95E1F78D8181110CC0298191
:101220003A814B815C816D817E818F81C2D62D9602
:10123000E2E00C94894CCE010196B8DE8111EFCF2B
:10124000F6CFFC012481213019F48081918166C49C
:101250000895CF93C82F8115B9F08238B9F40E9450
:10126000283C81FD11C089E30E94ED3DE2D78FEF5C
:1012700097EE23E0815090402040E1F700C000004D
:1012800089E30E94043ED5D7CF910895833899F41D
:101290000E94283C80FDF8CF83E50E94ED3DC9D730
:1012A0008FEF91EE24E0815090402040E1F700C0A4
:1012B000000083E5E6CF843899F40E94283C82FD43
:1012C000E3CF87E40E94ED3DB4D78FEF91EE24E0A9
:1012D000815090402040E1F700C0000087E4D1CF6A
:1012E0008450813A68F48C2F0E94453D811521F08D
:1012F0008C2F0E94043E9DD78C2F0E94ED3DC3CFC2
:101300008C2F805E883048F481E0C1FD84E0C0FD10
:10131000880FC2FD8295E3D6B6CF8C2F855A8330D5
:1013200030F48C2F8452990B0E94D13CADCFC85A17
:10133000CB3108F0A9CFEC2FF0E0EE0FFF1FEA53FE
:10134000F94F808191810E94F83C9ECF811509F46C
:1013500047C0823861F40E94283C81FF41C089E384
:101360000E94ED3D66D789E30E94043E62C7833840
:1013700051F40E94283C80FF33C083E50E94ED3D7C
:1013800058D783E5F1CF843851F40E94283C82FF7E
:1013900027C087E40E94ED3D4CD787E4E5CF982F26
:1013A0009450913A08F3982F905E983050F4982F0B
:1013B00081E091FD84E090FD880F92FD829595D6A5
:1013C000D5CF982F955A933020F480E090E00C947C
:1013D000D13C885A8B3120F480E090E00C94F83CAA
:1013E00008951F93CF93DF93182FEB0132DF2097DF
:1013F00031F4812FABDFDF91CF911F9108958FE9F9
:101400009FE00197F1F700C000002197F0CF60E561
:1014100070E0893311F060E070E0E3CF811511F0E6
:101420005ED607C70895811511F05FD602C70895EB
:10143000A0E0B0E0EEE1FAE00C94674C6C01D62F2E
:10144000C72FFC011581068102950F703DD6E82E4D
:101450008115E9F0E12E1115D1F08C2F807F8034B9
:1014600061F08D2F805E883098F18C2F807E8032E5
:1014700021F4D23068F1011559F180915B0B82FFA4
:1014800027C082E0FAD620D691E08927E82E9C2F4B
:1014900092959F70983009F4CAC068F59430D0F4E2
:1014A000923008F438C08C2F8F70F82EC07FC03275
:1014B00019F0F29480EFF822D13008F456C009F404
:1014C0007EC0111509F487C0011509F467C036C044
:1014D000E12CDDCF09F48FC0E11409F4D8C0F0D5B8
:1014E00080FDD5C0F6011582E5D52FD2C60183D186
:1014F000E1D539D2CCC0993009F40BC19A5F9F7005
:10150000923050F7D23F09F011C18C2F8F71111119
:101510000BC11BD2B9C00C2F0F70C03110F0029557
:10152000007F111581F0011549F08D2F805E883004
:1015300010F0D11105C0802FD2D57BD68D2F21C0C0
:10154000802FDED5FACF8D2F01DF011509F4C4CF2E
:101550008D2F805E883010F0D11103C0802FC5D54B
:1015600002C0802FD3D565D6B7CF80915B0B82FDAB
:1015700011C0111541F0F11419F08F2DB0D559D6C5
:1015800080E067DEA9CF80E0E1DEF11409F4A4CFAA
:101590008F2DE5CF111551F0013018F48F2D3EDF5E
:1015A0009BCF09F099CF8F2DCDD596CF011194CF38
:1015B0008F2D39DF8F2DD1D58F2DB6D58DCF11152C
:1015C00021F0063008F088CFE9CF053008F084CF4D
:1015D0008F2D29DF81CF0115D9F3D93349F48FEF4E
:1015E00097EE23E0815090402040E1F700C00000DA
:1015F0008D2FACDE71CF8C2F8695869583708130D0
:1016000060F009F069CF8D2F9C2F9370111102C0EB
:1016100080E090E00E94F83C5FCF8D2F9C2F93706C
:10162000111102C080E090E00E94D13C55CF8C2F78
:101630008370C1F5111128C04D2F42954695477012
:10164000440F440F2D2F2F7030E0042E02C0220FC4
:10165000331F0A94E2F780E090E0D4FF09C08FE0E6
:1016600090E002C0880F991F4A95E2F78095909507
:10167000C695C695C370822B932BC23079F0C330C8
:1016800079F0C13049F03CD10E94193C7EDDCDB7E4
:10169000DEB7E8E00C94834C2CD1F6CF38D1F4CFF0
:1016A00026D1F2CF111559F1C0FFEECF4D2F429543
:1016B00046954770440F440F2D2F2F7030E0042EB5
:1016C00002C0220F331F0A94E2F780E090E0D4FFBB
:1016D00009C08FE090E002C0880F991F4A95E2F799
:1016E00080959095C695C695C370822B932BC2307A
:1016F00061F0C33061F0C13031F05AD1C5CF8230D2
:1017000008F4C2CFD3CF4DD1BFCF59D1BDCF0AD16D
:10171000BBCFCF70111529F08C2F17D18D2F7EDE06
:10172000B3CF8D2F80DE8C2F1ED1AECF58F4D03F9B
:10173000B1F0D13F79F01115B9F1011591F18D2F6B
:1017400088DDA2CFD33FB1F0D43FA9F780915B0BE6
:1017500082FD18C08C2F8F71111531F3DACE11155F
:1017600039F0053008F090CF8C2F8F710CD18CCFD1
:101770000630F8CF111521F08C2F8F71DDD084CF7A
:10178000D8D082CF111529F063E08C2F8F715ED5F0
:101790007BCF81E072D5023008F476CF82E06DD540
:1017A00073CF8C2F8F71B5CE011571F0D93349F4F9
:1017B0008FEF97EE23E0815090402040E1F700C08A
:1017C00000008D2FC3DD60CF8C2F8F71ADCF0F93B5
:1017D0001F93CF93DF93EC01688179818D81A7D12D
:1017E0008C01F4D083D0B801CE0122DEDF91CF91FD
:1017F0001F910F910895CF93DF93EC018C81811598
:1018000081F0CE01F6DB81110FC05ED4811549F065
:101810008D81811531F080915B0B82FF02C082E0E7
:101820002CD5DF91CF910895CE01D1DFCE01CFDB52
:10183000F8CF80E090E00E94D13C80E090E00E94F0
:10184000F83C6CD4F6C40E941B3EF3CF56D4FBCFB9
:10185000282F92959F70963099F060F4925F9F7058
:10186000923030F4203FB1F038F481E0283E38F077
:1018700080E008959A5FF3CF81E0243FC9F708958F
:1018800091E0813F09F090E081E0283E08F080E09F
:10189000892B089581E00895FC012481211521F010
:1018A000808191813BD1D4CF80E00895A6E0B0E063
:1018B000ECE5FCE00C946D4C2696E2E00C94894C2F
:1018C000A7E0B0E0E6E6FCE00C946D4C2796E2E081
:1018D0000C94894C0895FECF0895FDCF0895FADF4A
:1018E000FCDF8093F0079093F10708950895F7CFF8
:1018F00008952091F0073091F107822B932BEFCFC1
:101900002091F0073091F10782239323E8CF2091B3
:10191000F0073091F10782279327E1CF3BCA089562
:10192000D9CF0895FDDFFADF8093EE079093EF079C
:10193000089580E090E0F6CF21E030E002C0220F71
:10194000331F8A95E2F7C901EDCF21E030E002C0F4
:10195000220F331F8A95E2F78091EE079091EF07EF
:10196000822B932BDFCF21E030E002C0220F331F08
:101970008A95E2F7209530958091EE079091EF07D8
:1019800082239323CFCF21E030E002C0220F331F08
:101990008A95E2F78091EE079091EF0782279327CF
:1019A000C1CF2091EE073091EF07822B932BBACF56
:1019B0002091EE073091EF0782239323B3CF20913C
:1019C000EE073091EF0782279327ACCF0895CF938E
:1019D000C1E061FDC4E060FDCC0F62FDC29593E003
:1019E000769567959A95E1F7660F771F660F771FD3
:1019F000460F571FFA0140E050E090E06191DF018F
:101A00009C01042E02C0369527950A94E2F726958C
:101A1000220B26272C2326272E934F5F5F4F44301F
:101A2000510561F7CF910895A82FA77023E09695EF
:101A300087952A95E1F7880F991F880F991F680FDE
:101A4000791FFB0140E050E080E0219130E00A2E58
:101A500002C0369527950A94E2F72170042E01C042
:101A6000220F0A94EAF7822B4F5F5F4F44305105F3
:101A700061F70895262F943068F48C3058F4682F5D
:101A800070E08CE0989F600D711D112446ED57E0C9
:101A9000822F9DCF0895292F943058F48C3048F42C
:101AA00090E066ED77E03CE0239F800D911D1124CE
:101AB000BBCF80E00895CF92DF92FF920F931F93E8
:101AC000CF93DF936C010091EE071091EF078091A7
:101AD000F0079091F107082B192BCFE0D0E081E0BF
:101AE00090E00C2E02C0880F991F0A94E2F7802321
:101AF0009123892B61F4219790F7F12C8F2DDF91A1
:101B0000CF911F910F91FF90DF90CF900895FC2E01
:101B1000B6018C2F43D6019771F3F0CFCF93DF93AB
:101B2000EC01C9DFBE013AD6DF91CF9108951F9332
:101B3000CF93DF93EB019091D507911531F0CB0155
:101B4000EDDFDF91CF911F910895811551F0CB0109
:101B5000B2DF182F682FCE018DDFBE01812F1ED678
:101B6000F0CFCB0198DF182FF8CFE1E0F0E0DF01F4
:101B700002C0AA0FBB1F6A95E2F7BD01DF0102C0D8
:101B8000AA0FBB1F4A95E2F7AD016A2B752B02C065
:101B9000EE0FFF1F2A95E2F79B0128233923261712
:101BA000370719F48E2B9F2B0895E095F0958E231F
:101BB0009F2308950F931F930091F2078091F307DD
:101BC000801303C01F910F91089587E0089FF001D3
:101BD0001124EC50F84F208131814281538164817E
:101BE000758186816DDE0F5F1F4F0770E7CF2091F3
:101BF0002C0830912D0840912E0850912F086091AB
:101C0000300870913108809132085ACE80913208A4
:101C1000803170F480913108811551F0E091F20724
:101C20002091F30730912D0840912C082E1301C00C
:101C30000895BF0187E0E89FF0011124DF01AC5057
:101C4000B84F14968C911497811549F111968C9187
:101C50001197831324C08C91841321C015968C9105
:101C6000159781111CC012968D919D91A0912E08FF
:101C7000B0912F088A1B9B0B883C910580F48091C2
:101C800032088F70806180933208E650F84F80816F
:101C90008F70806180838CE298E0ADDD8BCF6F5FC9
:101CA0007F4FFB01E770C2CFE091F2079091F307FD
:101CB000E91302C080E008959F0157E0E59FF0011D
:101CC0001124EC50F84F5181561306C0508158131F
:101CD00003C05581541305C02F5F3F4FF901E770D2
:101CE000E7CF81E008958F929F92AF92BF92DF92EB
:101CF000EF92FF920F931F93CF93DF93CDB7DEB791
:101D00002D970FB6F894DEBF0FBECDBF8C0186E0D5
:101D1000F801DE01189601900D928A95E1F7F8011D
:101D2000F58084819CE2892E98E0992E909130086C
:101D3000911117C0811509F4EFC0F11409F42EC1F7
:101D4000C801AADD811509F429C187E0F801D40191
:101D500001900D928A95E1F7C40173DA57DF47DFEE
:101D6000DBC0E080A280B380D090310820912E08A3
:101D700030912F08A501421B530BD11409F4CFC099
:101D8000483C510508F09EC0811509F4C5C09091EA
:101D90002D08918080913208803108F065C0991239
:101DA00026C090912C089E1122C0F11057C08F7050
:101DB0008061809332081BDF8CE298E01CDD80910B
:101DC0003208F8018683F12C8F2D2D960FB6F894EA
:101DD000DEBF0FBECDBFDF91CF911F910F91FF905E
:101DE000EF90DF90BF90AF909F908F900895F1108B
:101DF00035C040E0692D8E2D57DF40E0692D8E2DD6
:101E000053DFF82E8111DFCF8885998587DE292F52
:101E100022952F70903450F49F70223078F09115F5
:101E200091F0F8019681903170F4CECF2A5F2F7037
:101E3000223070F0C801DFDCFD2CC6CF911519F0FF
:101E4000811509F4C1CF805E883008F4BDCFF2CF90
:101E5000803F08F4B9CF815F8330F7CF809132089B
:101E6000816080933208AFCF991207C090912C08FF
:101E70009E1103C0F11409F473C0C8010DDD811572
:101E800009F48CC0F11409F489C0809132088032C1
:101E900080F020912C0830912D0829833A83AB8261
:101EA000BC82909130089D831E828F83CE01019663
:101EB000A2DC87E0F801ACE2B8E001900D928A95CF
:101EC000E1F74CCF90913208903188F448855985DC
:101ED0006A857B858C859D85E9DC8CE298E08BDCCE
:101EE000F40187E011928A95E9F781DE6CCF8115C4
:101EF00099F020912D0881812813BFCF80912C0863
:101F00008E11BBCFF110B9CF9683C80174DCF401F8
:101F100087E011928A95E9F7FF24F39455CF483C66
:101F2000510508F03EC08115B9F3F114B9F1909153
:101F30002D088181981329C080912C088E1125C00D
:101F40008091320880FD18C08031B0F08683807F98
:101F5000803F39F08681982F907F905F8F70892B1A
:101F60008683C80148DC87E0F801ACE2B8E0019064
:101F70000D928A95E1F7F3CE87E0F801ACE2B8E084
:101F800001900D928A95E1F7C7CFC80185DC8111D8
:101F900090CF80913208816080933208C8012BDC99
:101FA000BBCF488559856A857B858C859D857EDC80
:101FB00097CFAEE0B0E0EFEDFFE00C946C4C2887DB
:101FC00039874A875B876C877D878E87CE01089625
:101FD0008ADE6C85811599F0611539F0288539857F
:101FE0004A855B857D858E856BDC8091F2079091BB
:101FF000F30789133DC02E96E3E00C94884C87E0EC
:102000009E01285F3F4FF90127503109D901019006
:102010000D928A95E1F7611541F3A091F3078A2F9C
:1020200090E08395877090E0AC012091F20724172F
:10203000150691F097E09A9FD0011124AC50B84F4B
:102040009E012F5F3F4FF90101900D929A95E1F7A4
:102050004093F307AFDDC9CFF9DB1092F30710927D
:10206000F207ECE2F8E087E011928A95E9F7BDCF3C
:1020700017E0189FC00111248C50984F34DE811551
:1020800009F4B9CFE091F2071E9FF0011124EC5042
:10209000F84F20813181428153816481758186812D
:1020A0000FDC8091F2079091F3070196877080937F
:1020B000F2079BCF80915B0886958695869508955B
:1020C00080915B088770089590915B08977081E01C
:1020D000911101C080E00895809187080895909142
:1020E0008708982B9093870808958095982F809162
:1020F0008708892380938708089510928708089598
:1021000090918608982B9093860808958095982F33
:102110008091860889238093860808951092860806
:1021200008950895FECF089590915C08292F2823E3
:1021300029F08095892380935C08F4CF0895089551
:10214000FECF089590915D08292F2823281721F0AC
:10215000982B90935D08F4CF089590915D08292FF6
:10216000282329F08095892380935D08E9CF08957D
:1021700080915D08811521F010925D0880E0E0CF2C
:102180000895CF93C091870880918608C82B8091CD
:102190005D08811529F0C82B0E941F3D8111E8DFE1
:1021A0008C2FCF910895CF93DF93C091C403D0912A
:1021B000C503E7DF8883C091C403D091C50348E01D
:1021C00050E063E578E0CE010E94FB4C892B59F08A
:1021D00088E0FE01A3E5B8E001900D928A95E1F751
:1021E000CE010E942A3CDF91CF910895CF93DF93D7
:1021F000C091C203D091C303C4DF8983C091C203DD
:10220000D091C30340E250E063E378E0CE010E9446
:10221000FB4C892B59F080E2FE01A3E3B8E001906A
:102220000D928A95E1F7CE010E947A3CDF91CF9121
:1022300008950E94123C811529F080915A0B87FF66
:1022400001C0D4CFB0CF0895FECF089590915B0B1D
:1022500092FF0EC0982F990F990F990F962B90937C
:102260005B0873DB80915B08869586958695ECCF3D
:102270006CCB10925B0880E0E7CF90915B08809573
:10228000892380935B08282F277059F4891749F018
:1022900090915B0B92FF05C086958695869563DBD2
:1022A000E8CF0895CF93C82F80915B0B82FB9927CD
:1022B00090F99C17C9F0C0FB82F980935B0B8AE50B
:1022C0009BE05CD082E0D9DF8091920880FF0CC057
:1022D0001F92CF938CE094E09F938F930E94EA0526
:1022E0000F900F900F900F90CF91089580915B0BFE
:1022F000002482FF0394802DD5CF81E0D3CF80E0EE
:10230000D1CF80E090E0BC010AC480E090E0BC0145
:1023100000D4F7CFA4E0B0E0E0E9F1E10C946D4C1B
:1023200094D39FD31C82CE010496B2D381E090E077
:102330008093F0071092F107B7D3198284E18A8362
:10234000CE010196C2D31B82CE010396D0D30E9448
:102350006B28DBDF0E9464282496E2E00C94894C11
:10236000D9CF089584C3089571C3089586C308958D
:1023700095C3089599C308959CC30895A6C308956D
:10238000ABC30895B4C30895B8C30895BCC30895FA
:10239000CCC308950895A6E0B0E0E1EDF1E10C941E
:1023A0006B4C0E94143F8C018091880890918908A1
:1023B0008017910779F019821A820E94143FBC019C
:1023C00049815A8180E090E00E94F20800938808D9
:1023D000109389082696E4E00C94874C0E94203FD5
:1023E00060938E0870938F08809390089093910863
:1023F00060938A0870938B0880938C0890938D0863
:10240000089508950895FDCF08950895FEDFFBCF48
:102410000895FECF08950895FEDFFBCF86EF91E487
:102420001CD5F0DFF3CF81E0089581E00895FBCF64
:102430000895089508950895FCDFFCDFFCCF94DF34
:10244000811101C08DDF82E998E090DF8AE59BE091
:1024500093DF0E9450388CDF4ADA8091EE0790912A
:10246000EF075CDA97CF0E940B3F5CD4E8DF0E9455
:10247000103C0E94C40882D50E946E34CDCF1F93B9
:10248000CF93DF93C82FD62F142F0E94872A412F76
:102490006D2F8C2F0E94A63EDF91CF911F91089542
:1024A00061D70E94D5390C94113CA6E0B0E0EBE571
:1024B000F2E10C94614CB9DF81110CC06CDFF0DFEC
:1024C0000E94BB330E94DD220E94CA082696EEE0DD
:1024D0000C947D4C37D422E5822E2BE0922E740191
:1024E00010E0F701C080D180812F28D31F5F143006
:1024F00009F44FC022E0E20EF11CC816D90689F398
:102500008091920881FD23D392DF682E10E0812F05
:1025100015D37C01F401A190B1904F018A159B0560
:1025200091F1A826BF2400E091E0C92ED12CC5016D
:102530008C219D21892BF9F077247394C7018C217C
:102540009D21892B09F4712C611489F0602F812F52
:102550000E948F3E81110BC009831A830E94143F91
:10256000BC0149815A8181E0972D0E94F208472DD4
:10257000602F812F84DF0F5FCC0CDD1C0C30B9F68F
:10258000F401F292E2921F5F143009F0C0CF26DF0F
:1025900096CFC816D90609F0B3CF90CF0F931F93EB
:1025A000CF93DF93FDD0EC01D23508F050C0D03589
:1025B00008F0C8C0C03ED10530F5CD3CD10508F0CB
:1025C0009DC0C83AD10578F4C53AD10508F093C04A
:1025D000C130D105B1F1CE010497813A910588F15E
:1025E000C0E0D0E02EC0CE01885A91094B97C0F7C9
:1025F000C85AD0E0CC0FDD1FC450D94F0990D88104
:10260000C02DD4641EC0D034A8F4D03208F0ADC0C0
:10261000C83ED105B0F0CE0191509F3108F78D2F03
:1026200062D1082F8C2F90E0BBD0D02FDF71C82F44
:10263000D92B07C08C2F90E0B3D0DF70C82FD92BD7
:10264000D06ACE01DF91CF911F910F910895C038CC
:1026500082E5D807B8F5C03682E5D80708F056C03D
:10266000C03482E5D807C8F4C03282E5D80708F044
:1026700047C08C2F8695869520E2829FC001112449
:10268000C37021E030E002C0220F331FCA95E2F789
:10269000E901C82BD92BDD68D4CF8C2F8695869580
:1026A000877020E2829FC0011124C37021E030E0D6
:1026B00002C0220F331FCA95E2F7E901C82BD92BBC
:1026C000DC68BFCFC03C82E5D80750F48C2F8F71F7
:1026D000C03AD24580F5982F84EF906AEC01B1CFD3
:1026E000CE01805C9245809708F07ACFDC2FDF71B5
:1026F000C0EFD06AA6CFA497D064A3CFD065A1CFF6
:102700008C2F8F71D82FC1EFD06A9BCF8C2F8695DD
:102710008695877020E2829FC0011124C37021E05A
:1027200030E002C0220F331FCA95E2F7E901C82B3F
:10273000D92BDA6886CFD7D0982F80E09F71EC0133
:10274000D0627FCF8C2F8F71CED053E0CC0FDD1FA6
:102750005A95E1F7DF70282F84FF04C090E1899F2C
:1027600090011124C22FD0696CCF8D2F8F71BBD0F7
:10277000082F8C2F90E014D0302F3F71282F392B49
:102780003062E9015ECF462F743028F46C3018F4C3
:10279000672F0C94920780E090E00895F4DFFECE5E
:1027A000803E9105D1F1C8F48133910509F481C0CF
:1027B00048F48932910509F471C08A32910509F40F
:1027C0007FC0089589339105E1F082389105C9F001
:1027D0008533910509F45DC00895843E9105D1F1DA
:1027E00048F4823E910531F1833E910541F181EE3D
:1027F00090E00895863E9105C1F1873E9105F1F183
:10280000089520915A0B237009F064C020915B0B4E
:1028100023FF14C089E290E0089520915A0B20FD17
:1028200045C030915B0B30FF09C024FD24C083EE0E
:1028300090E0089520915A0B22FDF7CF0895209142
:102840005A0B22FD44C030915B0B30FD43C024FF86
:10285000F5CF11C020915B0B21FFF0CF80915A0B77
:1028600084FD09C087EE90E0089520915A0B23FF64
:10287000E5CF24FFF7CF80E090E0089520915A0B38
:1028800023FD2BC030915B0B31FFE1CF84EE90E054
:10289000089520915A0B25FFD1CFBCCF20915A0B20
:1028A00025FD1EC020915B0B23FFC8CF89E390E07C
:1028B000089520915A0B26FFC1CF8AE290E0089537
:1028C00020915A0B26FFBACF81E390E0089582EE63
:1028D00090E0089580EE90E0089586EE90E00895EF
:1028E00085E390E0089590915A0B92FF10C041E06B
:1028F000282F2471243009F040E031E0282F28717E
:10290000283009F030E0431711F02CE0822793FFC4
:1029100010C041E0282F2471243109F040E031E05B
:10292000282F2871283109F030E0431711F02CE0EE
:10293000822730915B0B30FF10C051E0282F2171AE
:10294000213009F050E041E0282F2871283009F0AB
:1029500040E0541711F029E0822731FF10C041E018
:10296000282F2171213109F040E031E0282F287112
:10297000283109F030E0431711F029E0822794FF55
:1029800002C083FD877E0895CF939C01205E32456F
:10299000C1E02032310538F4FB01C581C11103C00B
:1029A0008F710E9463088C2FCF9108959C01FB01C9
:1029B0008581811599F02B359CE7390769F02C3515
:1029C0009CE7390721F02A353C4721F008958EDC39
:1029D00080E0089592DCFCCF92DCFACF81E008958C
:1029E000FB012581211579F182303CE79307A9F09D
:1029F00048F481153CE7930761F081309C4731F042
:102A0000822F089583309C47D9F7ACDC0E948C0854
:102A100002C00E94880820E0F3CF90919208892F8D
:102A20008E7F90FF81608093920880FF09C083E3CE
:102A300094E09F938F930E94EA050F900F90EBCF45
:102A400081E294E0F6CF21E0DBCF089580E090E0D2
:102A50000E94414D9C0181E0233E3E4F09F080E001
:102A6000089563EE7EEF80E090E00C946F4D6FEF81
:102A70007FEF80E090E00C946F4DCF93DF93EC01FB
:102A800082E090E00E94394D8883DF91CF910895D4
:102A9000FC01608182E090E00C94554D83E090E071
:102AA0000E94394D90E00895682F83E090E00C94E7
:102AB000554DCF93DF93EC0184E090E00E94414DAF
:102AC00088839983DF91CF910895FC0160817181A2
:102AD00084E090E00C946F4DCF93DF93EC0187E09E
:102AE00090E00E94394D8883DF91CF910895FC01D9
:102AF000608187E090E00C94554D48E050E067E13C
:102B000070E00C94294D48E050E067E170E00C94CF
:102B1000464DAB01BC018FE090E00C94674DAB01DA
:102B2000BC0183E190E00C94674D682F8EE090E04B
:102B30000C94554D08950C941B070895E82FF0E070
:102B4000EE0FFF1FEC59F44F808191810895A0E0B2
:102B5000B0E0EDEAF5E10C94674C84E594E09F93D6
:102B60008F930E94EA0584E6C82E8BE0D82E0F9042
:102B70000F90E12CF12C06E414E0FF92EF928FE429
:102B800094E09F938F930E94EA058CE494E09F93D6
:102B90008F930E94EA05F601819191916F010E9445
:102BA000A7089F938F931F930F930E94EA0584E4D5
:102BB00094E09F938F930E94EA058FEFE81AF80A3A
:102BC0008DB79EB70C960FB6F8949EBF0FBE8DBF03
:102BD00084E0E816F10489F6E8E00C94834C80EA7E
:102BE0008A95F1F7089500C00895F9CF0895F894F3
:102BF000E82FE295EF70F0E041A18F7021E001C075
:102C0000220F8A95EAF7922F9095942391A392A18F
:102C1000822F892B82A378940895CF93DF93CEE3FC
:102C2000D7E089918F3F09F0E2DF87E0C234D8070F
:102C3000C1F7C2E3D7E089918F3F09F0D8DF87E081
:102C4000CE33D807C1F7DF91CF910895AF92BF92ED
:102C5000DF92EF92FF920F931F93CF93DF935C016C
:102C6000D62EC62FD0E08E01025C184FF80180816D
:102C70008F3F09F44BC0F894E82FE295EF70F0E035
:102C800091A18F7021E001C0220F8A95EAF7892F68
:102C9000822B81A382A12095282322A37894A3DFED
:102CA000E2E3F7E021E030E0E12CF12C41914F3FED
:102CB00079F0A42FA295AF70A05EB0E08C9190E067
:102CC0004F7002C0959587954A95E2F780FF28C01E
:102CD00080E090E0E82AF92A220F331F87E0EE33E4
:102CE000F80721F7F80180818F3F09F080DF61E06C
:102CF000E114F10409F460E08D2D77DFCC0FDD1FC6
:102D0000C5018C0F9D1FEC01E882F982DF91CF9104
:102D10001F910F91FF90EF90DF90BF90AF900895BB
:102D2000C901D8CF7ADFE4E6FBE088E011928A950A
:102D3000E9F7ECE5FBE088E011928A95E9F73DD0F0
:102D40000C94BB06A8E0B0E0E8EAF6E10C946A4C0B
:102D5000FE013196DF0188E01D928A95E9F710E0C7
:102D60000E2FFF2E612F802F9F2D70DF812F8F5F01
:102D7000182F8430B9F748E050E0602F7F2D8CE5A4
:102D80009BE00E94FB4C41E0892B69F440E064E643
:102D90007BE08CE59BE012D0182FCDDE812F2896AA
:102DA000E5E00C94864C88E0E02FFF2DACE5BBE01D
:102DB00001900D928A95E1F7EACF0895EF92FF9284
:102DC0000F931F93CF93DF938C017B01C42F411589
:102DD00079F081E0809395080E94143F80939308D6
:102DE0009093940880E0CDB7DEB7E6E00C94854C74
:102DF000D0919508D115B1F38091930890919408E2
:102E00000E94BE3E059770F348E050E0B801C7014C
:102E10000E94FB4C892B41F088E0F801D70101901A
:102E20000D928A95E1F7CD2F109295088C2FDBCF6C
:102E30003CCB08950E94D93E0E945F42EFDA0E9487
:102E4000794211DB0E9482420E948542F1DF0E949A
:102E500086420E948D40F0DAF7CF8093C2079093AC
:102E6000C30708958554990BBC01990F990B892FBD
:102E70000E94064920E030E040E451E40E946B48A3
:102E80009B01AC0160E070E080E090E40E94794A30
:102E900020E030E04CED53E40C94164AFB018038FE
:102EA00024E7920731F48581811571F1C8D380E060
:102EB0000895813824E7920729F48581811521F14D
:102EC000CFD3F5CF823824E7920739F48581811575
:102ED000D9F02AD08111F4CFE9CF843924E79207C1
:102EE00059F48581811581F037D540E064E070E0C8
:102EF00086EC93E0C6D1DBCF8539944729F48581F0
:102F0000811511F034D5F1CF81E00895ABDF75C1A3
:102F1000A9DF65C00DC008958091B00B87608093D4
:102F2000B00B80EB9BE02ECA8091B00B81700895AE
:102F30008091E603811121C01092A40880D41092E0
:102F4000A3081092A20810929F081092A008E0E730
:102F5000FBE080E090E0A0E8BFEB1082118282836A
:102F60009383A483B5831682178238962BE0E03BC7
:102F7000F20799F781E08093E6030895809199081C
:102F800081112CC080EB9BE0FBD98091B00B82FDBE
:102F90000DC08091920880FF08C08BE694E09F935B
:102FA0008F930E94EA050F900F90B6DFE0E7FBE0F9
:102FB00080E090E0A0E8BFEB1082118282839383CF
:102FC000A483B5831682178238962BE0E03BF20784
:102FD00099F726D481E080939908AACF0895A0E0BC
:102FE000B0E0E5EFF7E10C94674C6B017C019D01CB
:102FF000A9010E94674887FF04C0F7FAF094F7F828
:10300000F0948091A208811509F453C08091990829
:10301000811101C0B3DF00E71BE0C7E0D0E09601FB
:10302000A701F80162AD73AD84AD95AD0E9467480C
:10303000811138C0CE0123E0880F991F2A95E1F74E
:103040008059944F2BE0883A920711F51092A80B03
:103050001092A90BA0E8BFEB1092AA0B1092AB0B39
:10306000A093AC0BB093AD0B1092AE0B1092AF0BC4
:10307000C1E0C093A1088091A40881508093A40866
:10308000811117C0DCD3C093E6031092A20811C0CF
:1030900028E0FC013896DC0101900D922A95E1F7B9
:1030A0000896D0CF219708501109CF3FDC0709F0CF
:1030B000B6CFCDB7DEB7E8E00C94834CA0E0B0E02B
:1030C000E4E6F8E10C94634C4B015C018A018091C9
:1030D000B00B80FF6FC080919908811101C04EDF55
:1030E00040E050E09A01B401C5010E94674887FFA3
:1030F00004C0B7FAB094B7F8B094C091A4088C2F6C
:103100008150990B7C018FEFE816FE04B9F5CF5F73
:10311000C93008F46FC088E08093A40848E350E009
:1031200068E77BE080E79BE00E94114DC8E081E00A
:103130008093A1088093A208C150DD0B0E94143F28
:10314000FE0123E0EE0FFF1F2A95E1F7E059F44F4F
:103150008083918382829382A482B58206831783BF
:103160000E94143F8093B2089093B3088091E603C5
:10317000811501F166D31092E6031CC0C70133E04C
:10318000880F991F3A95E1F78059944F6C0194018B
:10319000A501FC0162817381848195810E94674849
:1031A000811124C0E6018091A4088150990BE81692
:1031B000F9062CF0CDB7DEB7ECE00C947F4C8FEF26
:1031C000E81AF80A88E0FE013896DE0101900D92B7
:1031D0008A95E1F70E94143F888799878A869B86A3
:1031E000AC86BD860E871F872896DDCF81E0E81A62
:1031F000F10889CFC093A4089ACF4FEF5FEF5ECF5D
:103200008091A4080895CF92DF92EF92FF92E0910F
:10321000A4088E1710F5E150E81B88E0E802F001E1
:103220001124E059F44FC280D380E480F58040E05F
:1032300050E09A01B601C7010E94674818166CF465
:10324000B601C70128D4362F272F432F522FBA019A
:10325000FF90EF90DF90CF90089520E030E0C9011B
:10326000F4CF9C01A3E5B7E00E94D44B2091470422
:1032700030E0220F331F40E050E00E94164CC9019D
:103280000895FF920F931F93CF93DF93EC018B016F
:10329000F42E8091B00B80FD06C04ADECDB7DEB7BC
:1032A000E5E00C94864C672BC9F380919908811155
:1032B00001C064DE8091A20881113ADE81E0809332
:1032C000A30810929C08C0936E0BD0936F0B0093D1
:1032D0006C0B10936D0BF092B10B10929D08109235
:1032E0009E086C817D818E819F810E94D848CB0190
:1032F000B8DFAC01688179818A819B81DFDE0E9421
:10330000143F80939A0890939B08E0916E0BF09184
:103310006F0B80919D0890919E0823E0880F991F64
:103320002A95E1F7E80FF91F6481758186819781FD
:103330000E94D848CB0195DF80939F089093A00806
:10334000ADCF8091B00B80FF06C040E065E070E03B
:103350008FE194E096DF0E94143F80939A08909347
:103360009B08089580919808811116C08091960855
:1033700090919708009739F40E94143F8093960823
:103380009093970808950E94BE3E8D32914020F0A0
:10339000D8DF81E0809398080895CF93DF930E944F
:1033A000143FEC0140E063E070E087EE93E069DFFA
:1033B000CE010E94BE3E8A3F910520F0B9DDDF912B
:1033C000CF9108958FE99FE00197F1F700C00000C9
:1033D000EFCF4F925F927F928F929F92AF92BF9268
:1033E000CF92DF92EF92FF920F931F93CF93DF93D1
:1033F0008091A208811105C08091A308811509F46C
:10340000A7C00E94143FEC017090A308711020C067
:10341000712C8091A208C72D811589F0C091B40844
:10342000C11103C0C091B508C72900E71BE0E12C1A
:10343000F12C8091A408E816F1040CF4E3C080910B
:10344000A108811509F485C01092A108C82F81C078
:1034500080919A0890919B080E94BE3E20919F08FF
:103460003091A0088217930798F280919A08909162
:103470009B080E94BE3E2C0180909F089090A0085F
:10348000C0939A08D0939B08A0909D08B0909E0886
:10349000C501019680939D0890939E080E94143F59
:1034A0008093B2089093B308C0919D08D0919E0874
:1034B000E0906C0BF0906D0BCE15DF0558F080910D
:1034C000B10B811509F443C010929D0810929E081B
:1034D000C0E0D0E000916E0B10916F0B80919C08C2
:1034E0006E0143E0CC0CDD1C4A95E1F7811142C02E
:1034F000F50133E0EE0FFF1F3A95E1F7E00FF11F02
:10350000D801AC0DBD1D2D913D914D915D91608116
:103510007181828193810E94674881112BC081E073
:1035200080939C0882E090E09CDEAC0180E090E01B
:10353000BC01C4DDA0929D08B0929E0882E090E09C
:1035400090DE7C01E0929F08F092A00862CFF0DC50
:10355000C0E08C2FDF91CF911F910F91FF90EF90E2
:10356000DF90CF90BF90AF909F908F907F905F90B3
:103570004F9008955201A818B90810929C08F601BE
:10358000E00FF11F64817581868197810E94D84880
:10359000CB0167DE21E0E21AF1088A159B05F8F4F9
:1035A000CE15DF0520F091E0E92EF12C1DC0A81A00
:1035B000B90A2196C0939D08D0939E08FE0123E08E
:1035C000EE0FFF1F2A95E1F7E00FF11F648175816F
:1035D000868197810E94D848CB0143DEDECF19F364
:1035E00010F38A199B097C0183E0CC0FDD1F8A95BB
:1035F000E1F7C00FD11F688179818A819B81A70182
:103600005DDDA0CFF8018681978101978E3F9F4FA6
:1036100078F4808191810E94BE3EF8012681378135
:103620008217930728F06281738184819581D7DCAA
:103630008FEFE81AF80A085F1F4FFBCE08958091BC
:10364000B00B81608093B00B80EB9BE00E94C211B5
:10365000F5DF40E062E070E08FE094E012CE089584
:1036600040E062E070E08FEF93E00BDEF8DF8FEF79
:1036700091EE24E0815090402040E1F700C000002E
:1036800057DC8091B00B8E7F8093B00B80EB9BE07A
:103690000C94C211CF92DF92EF92FF926B017C01EA
:1036A00040E050E09A010E94674881110AC0809171
:1036B00090008F7380939000FF90EF90DF90CF90F9
:1036C000089580919000806880939000C092AD082A
:1036D000D092AE08E092AF08F092B00820E030E05F
:1036E00040E051E4B601C7010E94164A9B01AC01BB
:1036F00060E074E284E79BE40E946B486B017C010C
:103700000E94D8487093970060939600609150048F
:1037100070E080E090E00E9406499601A7010E94B7
:10372000164A20E030E048EC52E40E946B480E94C8
:10373000D8487093990060939800BECFE1E7F0E01D
:10374000808182608083E0E9808180688083089541
:10375000E1E7F0E080818D7F8083E0E980818F73F5
:1037600080830895CF92DF92EF92FF926B017C01EC
:1037700040E050E09A010E94674881110AC08091A0
:1037800080008F7380938000FF90EF90DF90CF9048
:10379000089580918000806880938000C092A9087D
:1037A000D092AA08E092AB08F092AC0820E030E09A
:1037B00040E051E4B601C7010E94164A9B01AC01EA
:1037C00060E074E284E79BE40E946B486B017C013B
:1037D0000E94D848709387006093860060915004DF
:1037E00070E080E090E00E9406499601A7010E94E7
:1037F000164A20E030E048EC52E40E946B480E94F8
:10380000D8487093890060938800BECFEFE6F0E05F
:1038100080818D7F8083E0E880818F73808308952D
:1038200097DF3E9AF3DF259A92E0909390008AE129
:10383000809391009093800080938100089588DFA9
:10384000E5CF7CDF8091A208811519F080E0DBDCF8
:1038500021CF08951F920F920FB60F9211240BB62D
:103860000F92EF92FF920F931F932F933F934F93DB
:103870005F936F937F938F939F93AF93BF93EF93D8
:10388000FF938091A5089091A608A091A708B091F8
:10389000A8080196A11DB11D8093A5089093A608C4
:1038A000A093A708B093A8086091A5087091A608F6
:1038B0008091A7089091A8080E9404497B018C017F
:1038C00020E030E040E85CE36091AD087091AE0824
:1038D0008091AF089091B0080E94164A9B01AC01FC
:1038E000B701C8010E94674887FD1FC01092A50854
:1038F0001092A6081092A7081092A8086ADD90916D
:10390000A208911107C09091A308911103C020DF74
:103910007DDF0BC0811549F080E075DCBBDE70DC1B
:103920008230B0F381E06FDC1DDFFF91EF91BF913A
:10393000AF919F918F917F916F915F914F913F9147
:103940002F911F910F91FF90EF900F900BBE0F9052
:103950000FBE0F901F9018958091B10890E00196CE
:1039600069E070E00E94034C8093B1080895809153
:10397000B10890E0089669E070E00E94034C8093E3
:10398000B1080895A0E0B0E0E8ECFCE10C94634CD1
:103990004B015C01BA01550F880B982F0E94064914
:1039A0006B017C019B01AC01B401C5010E94484937
:1039B0008B01D82FC92F40E050E09A01A82FB92FD2
:1039C000CD010E94674887FF0BC09601A701AD2F6C
:1039D000BC2FB801CD010E9403488B01D82FC92FFD
:1039E000AD2FBC2FB801CD01CDB7DEB7ECE00C9404
:1039F0007F4CAF92BF92CF92DF92EF92FF920F93E4
:103A00001F937B018C010E94143FBC0180E090E079
:103A10000E9404495B016C0120E030E048EC52E474
:103A2000609148047091490480914A0490914B043C
:103A30000E94164A9B01AC01B501C6010E946B4869
:103A400044E150E09FDF20914C0430914D044091BF
:103A50004E0450914F0459016A010E94D348660FE9
:103A6000771F660F771F6E5B784FFB016081718156
:103A7000828193819501A6010E94794A9701A8014C
:103A80000E94164A1F910F91FF90EF90DF90CF9008
:103A9000BF90AF900895EF92FF920F931F93CF9333
:103AA000DF937B01D82FC92F8091B2089091B30882
:103AB0000E94BE3E8C0164E670E00E94EF4BE091F4
:103AC000B108E93038F4F0E0E153F24B0C94544C77
:103AD0001092B5088091B4088115B9F040E050E02B
:103AE0009A0160914C0470914D0480914E04909124
:103AF0004F040E94124A181644F4AD2FBC2FB70190
:103B0000CD0177DF7B01D82FC92FAD2FBC2FB70197
:103B1000CD01CDB7DEB7E6E00C94854C1092B50828
:103B200081E08093B408D6CF1092B508003D87E0BD
:103B3000180730F4083E83E0180758F48CE006C0FC
:103B40006451710988E1653B7105C0F780935004A9
:103B5000C1CF89E1FBCF1092B50820E030E040EA08
:103B600052E4AD2FBC2FB701CD010E94674887FDFD
:103B7000B1CF20E030E040E253E4AD2FBC2FB701DD
:103B8000CD010E94674887FF2BC00E94E64C68E287
:103B900070E00E94034CCC96BC01872F880F880BE5
:103BA000982F0E9406497B01D82FC92F0B30110591
:103BB00008F4A8C0C8010B970A9718F01092500497
:103BC00089CF2EEC2003C001219F900D1124865E29
:103BD0009B4F6AE070E00E94EF4B609350047ACFF5
:103BE00020E030E040EA53E4AD2FBC2FB701CD0117
:103BF0000E94674887FF25C00E94E64C68EE73E08C
:103C00000E94034C88519C4FBC01872F880F880B62
:103C1000982F0E9406497B01D82FC92F0630110525
:103C200008F470C0C80106970F9740F62EEC2003E9
:103C3000C001219F900D1124865E9B4F6FE070E0C4
:103C4000CACF20E030E040E254E4AD2FBC2FB701F2
:103C5000CD010E94674887FF26C00E94E64C60EDB8
:103C600077E00E94034C8854944FBC01872F880F43
:103C7000880B982F0E9406497B01D82FC92F00314D
:103C8000110508F43FC0C8014097059708F096CF8A
:103C90002EEC2003C001219F900D1124865E9B4FC6
:103CA00065E070E098CF20E030E040EA54E4AD2FCA
:103CB000BC2FB701CD010E94674887FF0BCF0E9440
:103CC000E64C60ED77E00E94034C8854944FBC01B1
:103CD000872F880F880B982F0E9406497B01D82FC9
:103CE000C92F0432110570F0C80184970F9708F0AE
:103CF00065CF2EEC2003C001219F900D11248A5026
:103D0000964F9CCF82E322CF81E08093B508003D9F
:103D100087E0180748F4083E83E0180750F120E0D8
:103D200030E040E05FE329C0CB014497853B91053B
:103D300008F044CF80E090E00E94044920E030E0A9
:103D400040EA51E40E94024820E030E044E353E4BA
:103D50000E946B489B01AC010E94164A20E030E0B3
:103D600048E451E40E94164A0E94D8488CE0861B21
:103D7000EDCE20E030E040E85EE3AD2FBC2FB70190
:103D8000CD010E94164A7B01D82FC92FD7CE81E0E2
:103D90008093B5082AE0269FC001279F900D11242B
:103DA00068EB7BE00E94EF4B8C5D9540BC0197FF78
:103DB00003C071956195710970E080E090E00E9408
:103DC00006492EE333EC4EE259E30E94164A20E006
:103DD00030E040EC5EE30E9403480E94D848FDCEEC
:103DE000802F837090E062E30097A9F064E670E0B2
:103DF00000FF60E080E00E94044920E030E040E005
:103E00005EE30E94164A20E030E040E45FE30E9457
:103E100003480E94D84881E08093B508077010E0FD
:103E20000115110509F4CACED8CE81E08093B508FA
:103E300082E3809350040C3F8AE3180708F44ACECB
:103E400080E090E00E94044920E030E047E153E444
:103E50000E94024820E030E04AE754E40E946B48A8
:103E600020E030E048E452E40E94164A20E030E0CE
:103E700040EA51E40E9448490E94D348660F771FE8
:103E8000660F771F6E5B784FFB0120813181428185
:103E90005381AD2FBC2FB701CD010E94164A7B0183
:103EA000D82FC92F17CE87FB882780F90895982F20
:103EB00081E0983F08F480E00895282F207F203D7E
:103EC00049F188F4203B31F038F4807E803811F0DD
:103ED000203AD9F493E005C091E0203C09F090E04D
:103EE000990F892F0895203EA9F3203F71F4833F55
:103EF00089F020F4813F71F0823FEBCF91E08D3F5C
:103F000030F4883F70F7863F61F390E0EACF8E3F50
:103F100040F7FBCF92E0E5CF0F932F77022F242FAE
:103F20002F776F70462F406BFC010190F081E02DE0
:103F300063E070E009950F9108950F932F77022F9A
:103F4000242F2F776F70462F4069FC010190F0817C
:103F5000E02D63E070E009950F9108950F932F779E
:103F6000022F242F2F776F70462F4068FC0101909D
:103F7000F081E02D63E070E009950F910895FC0158
:103F8000628373830895FC01648F758F0895CF93C6
:103F9000DF93EC011DA21EA21FA2BC01685D7F4F32
:103FA00040EC88519F4F84D21A821B821C821D8252
:103FB0001E821F82188619861A861B861C861D86FD
:103FC0001E861F86188A198A1A8A1B8A1C8A1D8ACD
:103FD0001E8A1F8A188E198E1A8E1B8E1C8E1D8E9D
:103FE0001E8E1F8E18A219A2DF91CF910895EF9215
:103FF000FF920F931F93CF93DF93EA018A01060F7D
:10400000111D88519F4F7C01C017D10729F4CDB7EE
:10401000DEB7E6E00C94854C6991C70150D2F4CF2D
:10402000FC01608371830895FC0160A371A308956E
:10403000A3E0B0E0EEE1F0E20C94664C7C016B0191
:10404000142FB22EFC0185A1843041F5028CF38D32
:10405000E02D309781F19B0121503109C901BD014B
:104060000E94EF4B281B390BB9014983BA820B839D
:104070004C2D421B9E012F5F3F4FC7010995F70151
:10408000068CF78DE02D309729F02B2D412FB601AE
:10409000C70109952396E9E00C94824C62307105C2
:1040A00009F44BC06330710591F06130710509F47A
:1040B0006FC0C12CD12CF701048CF58DE02D309709
:1040C000F1F22B2D412FB601C7010995D8CF842FCE
:1040D000807F803BE1F050F4803919F1803A29F17A
:1040E000803849F70680F781E02D14C0803E09F141
:1040F000803F09F7423FF9F60484F585E02D202F33
:104100004B2D62EF3097B9F2C7010995B8CF028005
:10411000F381E02D309779F2202F4B2D612F6F70B6
:10412000F3CF0480F581E02DF5CF0084F185E02DFB
:10413000F1CF0284F385E02DEDCF842F807F803D89
:1041400079F0803F89F0803C09F0B5CF0684F7858F
:10415000E02D309709F4AFCF4B2D612F6F700EC05B
:104160000088F189E02DF5CF433F59F40288F389A7
:10417000E02D4B2D612F309709F49DCFC701099594
:104180007ECF413F09F097CF0488F589E02DF1CF2C
:10419000842F8DDE811559F0F7010688F789E02D0F
:1041A000309709F488CF612FC701099568CF163F72
:1041B00009F081CFF701008CF18DE02DF1CFFF9256
:1041C0000F931F93CF93DF93EC01162F862F6FDE93
:1041D000811581F0FDA081E08DA300E020E0412F5A
:1041E00061E070E0CE0124DFFDA2CDB7DEB7E5E0EF
:1041F0000C94864C812F57DE4DA1811509F43FC0E8
:10420000443021F01AA381E08EA31FA2812F55DE36
:10421000823061F1D0F481111EC0103F49F1173F87
:10422000B1F42EA13FA1C90163E070E00E94EF4B01
:104230008C0F9D1FFC0112A32F5F3F4FB9012EA3CE
:104240007FA30CA12BA14AA10DC0833079F01DA240
:104250001EA21FA2CACF81E08DA300E020E0412F63
:1042600061E070E0CE01E4DE1DA2BFCF8DA3BDCF23
:1042700084E08DA31AA381E08EA31FA2B6CF4115BF
:1042800009F4B3CF2EA13FA1C90163E070E00E9401
:10429000EF4BFE01E80FF91F12A32F5F3F4FB9014B
:1042A0002EA37FA38130910561F0029709F09DCF85
:1042B0000CA12BA14AA1CE01BBDE8DA18430D9F681
:1042C00094CF423009F091CF00E0F3CFA0E0B0E00E
:1042D000ECE6F1E20C94684CEC01E8A1F9A130970E
:1042E00009F009957E0188EEE80EF11CC70112D194
:1042F000D82E00E010E00D15110528F0CDB7DEB77F
:10430000E7E00C94844C60E0C70116D1682FCE0121
:1043100056DF61E0C70122D10F5F1F4FECCF089538
:104320006330710509F047C0842F807F803819F110
:10433000803909F040C02F77622F6953770B872FA0
:10434000880F880B982F0E94064920E030E040E457
:1043500051E40E946B489B01AC0160E070E080E09A
:1043600090E40E94794A20E030E04CED53E40E9452
:10437000164A0C94FD182F77622F6953770B872FFD
:10438000880F880B982F0E94064920E030E040E417
:1043900051E40E946B489B01AC0160E070E080E05A
:1043A00090E40E94794A20E030E04CED53E40E9412
:1043B000164A0C94EF174C3F11F40C94981708957B
:1043C000A7E0B0E0E6EEF1E20C946B4C8C01CE017C
:1043D00001960E945B42811104C02796E4E00C9490
:1043E000874C8A816ADD9A819D839B819E839C8113
:1043F0009F83811108C0E981E450E43040F7F0E088
:10440000EE56F84F80819E012B5F3F4FA901682F28
:10441000C801EDDDDCCFA4E0B0E0E1E1F2E20C9414
:10442000684C7B01142FD22E4A832B830C83842F5C
:1044300044DD811123C082E0E816F10489F083E0B5
:10444000E816F10441F081E0E816F10499F02496B1
:10445000E7E00C94844C17E0073F31F014E004C00F
:104460008D2D16E0873FD1F71983CE0101960E946A
:104470005742EDCF173F91F715E0F6CF12951F7019
:10448000F3CF82EB9BE083DD6BE072E282EB9BE09B
:10449000C7DD60EE71E282EB9BE0C6DD60E971E2B0
:1044A00082EB9BE070DD6FE871E282EB9BE067CD11
:1044B000FC014283638374831182108208951F93E9
:1044C000CF93DF93EC01162F61D0482F298130E084
:1044D000C90101966A8170E00E94034C5881581707
:1044E000190639F4842F55D080E0DF91CF911F91C8
:1044F0000895EB81FC81E20FF31F1083898190E026
:1045000001966A8170E00E94034C8983842F41D018
:1045100081E0EBCFCF93DF93EC0138D099812881F4
:10452000921738F0921BC92F34D08C2FDF91CF9186
:1045300008953A81930FF6CFFC012081260F33278F
:10454000331F9281692F70E0C9010E94034C2381BF
:104550003481280F391FF901808108951F93CF936B
:10456000DF93EC01162F12D0482F2881210F33271B
:10457000331F9A81692F70E0C9010E94034C888320
:10458000842F07D0DF91CF911F9108958FB7F894B2
:1045900008958FBF08952FE7482F60E082EB9BE0DE
:1045A000CCCC20E0482F60E082EB9BE0D7CC20E031
:1045B0004BE760E082EB9BE0AFCC82EB9BE086CEEA
:1045C000CF93DF93EC01FB018581811104C081E071
:1045D000DF91CF9108950E946C108272FE01E0522B
:1045E000F847EB30F10598F7E852F24B0C94544C35
:1045F0000E94E93480E0ECCF811529F00E945F35FC
:10460000F9CF8115D9F30E945335F4CF811529F0E4
:104610000E94B535EFCF8115D9F30E94A935EACFB5
:10462000811529F00E94D335E5CF8115D9F30E9479
:10463000C435E0CF811529F00E94F135DBCF81151B
:10464000D9F30E94E235D6CF811529F00E942C368D
:10465000D1CF8115D9F30E942136CCCF0F931F9370
:10466000CF938C01FB01C581C11531F0C1E08C2FC6
:10467000CF911F910F9108950E946C108272F801E2
:10468000E054F847EF30F10588F7ED51F24B0C9408
:10469000544C0E94F834EBCF0E940835E8CF0E94BA
:1046A000E934E5CF811529F00E945F35E0CF81150F
:1046B000D9F30E945335DBCF811529F00E94B5351F
:1046C000D6CF8115D9F30E94A935D1CF811529F014
:1046D0000E94D335CCCF8115D9F30E94C435C7CF02
:1046E000811529F00E94F135C2CF8115D9F30E94BE
:1046F000E235BDCF811529F00E942C36B8CF811547
:10470000D9F30E942136B3CF811529F00E946F366C
:10471000AECF8115D9F30E946036A9CFA0E0B0E0FA
:10472000E4E9F3E20C94664C062FB72EE82F7111E2
:104730000EC0411521F0F0E0EA53F94FE4916E2FDD
:104740007E2F8E2FCDB7DEB7E9E00C94824C411559
:1047500021F0F0E0EA53F94FE49186E0089FE00190
:1047600011242FEF30E0CE01B9010E94EF4BAB01D5
:10477000C801880F991FF5E5F49FB001F59F700DF2
:104780001124861B682F660F680FC9018B199109C8
:10479000E89FD001E99FB00D11248B2FB69E6001D8
:1047A0001124CD2CD12C89010C191D096801E09F21
:1047B0007001E19FF00C11244330510551F1890142
:1047C000061B1109B09E6001B19ED00C1124CD2CA6
:1047D000D12C2C193D09E29F8001E39F100D11247B
:1047E000712FCC3FD34050F441305105B1F04230ED
:1047F000510561F47E2FEB2F812F08C04430510505
:1048000079F04630510511F07B2F8F2D6E2FE82F58
:1048100098CF7F2D8E2FEB2FF9CF7E2FEF2DF6CF58
:104820008E2FE12F7B2FF2CF41E078CF282F269FCC
:10483000020E20E0211D1124822F08959C0180E0AA
:1048400090E0269F020E811D369F800D911D112440
:10485000830F911D0895AC018230910508F40895ED
:104860009FEF413E8EE1580740F49A0195E036955E
:1048700027959A95E1F7922F985F61E0262F290FEF
:104880003327331F35952795822F229FF001239FD1
:10489000F00DF00D11244E175F0738F4922F915050
:1048A000961760F7862F815008952F3FE9F3622F06
:1048B0006F5FF6CF40915B0450915C0425E038E0D7
:1048C000429FC001439F900D529F900D1124875E1F
:1048D000994C80935B0490935C04890F0895CF9367
:1048E000C82FE8DF8C9FC0011124892FCF91089534
:1048F000982FE82F96FDE0958E2F8F7096FD8F5F95
:10490000E695E695E695E670F0E0EF55F84F2181E3
:10491000289F202D812D112422952F708295807F34
:10492000282B8081820F97FD8195805808951F93D1
:10493000CF93DF93EB01182F822F8695D9DF805814
:1049400087FD8195612F880F71DFBE01DF91CF91C7
:104950001F9108950F931F93CF93DF93162FD72F97
:10496000082FC22FE42FF0E0EE0FFF1FE45BFE4F95
:1049700064EE80815BDF4D2F50E0282F30E0245E15
:104980003F4F6C2F70E0C9018C1B91091AF4CB01C9
:10499000821B930B23E0880F991F2A95E1F7481B90
:1049A000590BCA0157FD80E06D2F40DF612F782F32
:1049B000802FDF91CF911F910F9108950F931F9337
:1049C000CF93DF93162F072FD82FC22FE42FF0E0BD
:1049D000EE0FFF1FE45BFE4F64EE808127DF4D2F5B
:1049E00050E0282F30E0245E3F4F6C2F70E0C9016B
:1049F0008C1B91091AF4CB01821B930B23E0880FC7
:104A0000991F2A95E1F7481B590BCA0157FD80E011
:104A10006D2F0CDF612F702FDF91CF911F910F91C0
:104A20000895622F0895E42FF0E0EE0FFF1FE45B7E
:104A3000FE4F6081621B0895E42FF0E0EE0FFF1F30
:104A4000E45EFE4F61A9621B08950F931F93022F2E
:104A500050E0FA01EE0FFF1FE45EFE4FE1A9E052C5
:104A6000E7FDE195440F551F445B5E4FDA012C9141
:104A7000201B310B2E0F620F1F910F910895EF92A3
:104A80000F93972F202F30E0B901660F771F620F29
:104A9000731F759567956E0D792F0F91EF9008959F
:104AA0000F93CF93DF93C72FD82F47FD419588E30E
:104AB00090E0841B910947FD9395889FB001899FE1
:104AC000700D700D1124229FC001239F900D900D39
:104AD0001124860F971FBFDE682F660F680F600FC7
:104AE0007C2F8D2FDF91CF910F9108950F931F93FE
:104AF000A02FB0E0FD01EE0FFF1FE45EFE4F01A905
:104B00000052110B2003F001219FF00D1124AA0F78
:104B1000BB1FA45BBE4F2C912057330B4203D00127
:104B2000439FB00D11249F012A0F3B1F12F42158FF
:104B30003F4F220F232F221F330B620F1F910F9124
:104B400008950F931F93A02FB0E0FD01EE0FFF1FFC
:104B5000E45EFE4F01A90052110B2003F001219FDA
:104B6000F00D1124AA0FBB1FA45BBE4F2C91205740
:104B7000330B4203D001439FB00D11249F012A0F34
:104B80003B1F12F4215C3F4F96E0359527959A958F
:104B9000E1F7620F1F910F9108950F931F93E02F7C
:104BA000F0E0DF01AA0FBB1FA45BBE4F9C919057A2
:104BB00097FD9195EE0FFF1FE45EFE4FA1A9A05255
:104BC000BB0B8D012003F001219FF00D112428E380
:104BD00030E0291B310997FD33954203D001439FF3
:104BE000B00D1124EA0FFB1F9F01220F331F2E0F60
:104BF0003F1F12F421583F4F220F232F221F330B48
:104C0000620F1F910F9108951F93CF93DF93EB01D4
:104C1000182F822F86956CDE805887FD81956CE079
:104C2000880F04DE6C2F680F7D2F812FDF91CF91CD
:104C30001F9108950F931F93CF93DF93D62F172FB4
:104C4000082FC42F822F54DEEC2FF0E0EE0FFF1F51
:104C5000E45BFE4F90819058890F87FD81956CE051
:104C6000880FE4DD6D2F680F712F802FDF91CF91BA
:104C70001F910F9108951F93CF93DF93EB01182F8E
:104C8000E42FF0E0EE0FFF1FE45BFE4F8081821BFC
:104C900087FD819568E1CADD6C2F680F7D2F812F1C
:104CA000DF91CF911F910895CF93DF93EB015111C5
:104CB0004FEF682F842F8095B9DDBE01DF91CF9132
:104CC00008951F93CF93DF93EB01182F51114FEFEE
:104CD00060E4842F8095AADD6C2F680F7D2F812FD3
:104CE000DF91CF911F910895EF92FF920F9397015B
:104CF00095E0099F200D311D112431112FEF2095D2
:104D0000382F320F08F43FEF832F0F91FF90EF9071
:104D10000895EF92FF920F93E00EF11CF90137FF17
:104D200003C0F195E195F109E295F295F07FFE2738
:104D3000E07FFE27F13014F0EFEFF0E09A0157FF2B
:104D400003C031952195310922953295307F322764
:104D5000207F32272E173F070CF4F901EE0DFF1DBF
:104D6000F111EFEF2E2F2095382F320F08F43FEF7F
:104D7000832F0F91FF90EF900895EF92FF920F9382
:104D8000972F093420F4B701601B710971116FEF7F
:104D9000485F5F4F4131510538F0A901485F5F4FCF
:104DA0004131510508F06FEF6095482F460F08F428
:104DB0004FEF842F37FF02C02D5F3F4F359527956A
:104DC000359527956091A00C620F792F0F91FF9078
:104DD000EF900895EF92FF920F939701201B3109F6
:104DE000A90151114FEF342F3095282F230F08F4CC
:104DF0002FEF822F640F0F91FF90EF900895EF92A5
:104E0000FF920F939701201B310931112FEF20954D
:104E1000382F320F08F43FEF832F0F91FF90EF9060
:104E2000089590917009982B909370090895FC0152
:104E30009B01009719F4832F80780895AC0197FFA8
:104E400004C044275527481B590BB901640F751F2F
:104E500037FD10C0241B350BA0E23A9F902D2A9FEE
:104E6000802D912911240E94034C80E2861BF7FDBE
:104E700081950895CB0160E2969F902D869F802DAD
:104E800091291124421B530BBA010E94034C80E666
:104E9000EDCF0F931F93CF93DF93D62FC72F182FEC
:104EA000C901272F201B022FBA01C1DF982F990FAC
:104EB000990F891B6C2F800FB9DC6D2F782F812FF4
:104EC000DF91CF911F910F9108950F931F93CF936F
:104ED000DF93D62F172FC82FC9012C2F201B022F8D
:104EE000BA01A5DF982F990F990F891B6C2F800F9E
:104EF0009DDC6D2F712FDF91CF911F910F91089540
:104F0000EF920F931F93CF93DF93D62FC72F182FB6
:104F1000C9010E19070FBA018ADF6C2F081B802FF9
:104F200085DC6D2F782F812FDF91CF911F910F910D
:104F3000EF900895EF920F931F93CF93DF93D62FA7
:104F4000172FC82FC9010E190C0FBA0170DF6C2F73
:104F5000081B802F6BDC6D2F712FDF91CF911F917C
:104F60000F91EF9008950F93CF93DF93C72FD82F12
:104F7000C901BA015CDF800F682F7C2F8D2FDF9174
:104F8000CF910F910895EF920F93CF93DF93C72F97
:104F9000D82FC9010E19BA014ADF602F681B7C2F78
:104FA0008D2FDF91CF910F91EF9008953DCC089513
:104FB000A0E0B0E0EEEDF7E20C945D4C582E462EEA
:104FC0000CE0089FF0011124E45EFE4FE60FF11D96
:104FD000C081CF3F09F43FC06CE1C62E61E0D62E00
:104FE00070EAA72E79E0B72E612CD0E0CE01880FB1
:104FF000991F845B9E4F1C01CC0FDD1FC35BDE4FEE
:10500000059D800111240056164F040D111D7501D8
:105010004601712CF40181914F018F3F59F05610D8
:105020001FC047101DC0F801208130E2230F08F493
:105030002FEF208373948FEFE81AF80A872D8C30B6
:1050400049F763948CE0C80ED11C8CE0A80EB11C0B
:10505000862D8430E1F6CDB7DEB7E2E10C94794CD1
:1050600090E0F1012081FC01EE0FFF1FE45BFE4F99
:105070003081231B330B4881880F991F845E9E4F1C
:10508000FC0181A9481B550B229FB001239F700D85
:10509000700D1124449FC001459F900D900D112467
:1050A000860F971FD8DB893228F628E2382F231B7A
:1050B00008F420E0213108F020E1F7013081320FBF
:1050C00008F43FEF3083B6CF8FE99CE00E94C61111
:1050D0001092700908958091920880FF08C082EABA
:1050E00096E09F938F930E94EA050F900F9085E3BF
:1050F00080939F0C8091A0069091A106A091A2069A
:105100008093A00C9093A10CA093A20C8FE78093A6
:10511000A30C8FEF8093A40C8FE99CE00E94C61132
:105120001092700908958091920880FF89C088E8E4
:1051300096E09F938F930E94EA05809192080F90CA
:105140000F9080FF7DC080919F0C83701F928F9382
:1051500089E696E09F938F930E94EA0580919208DA
:105160000F900F900F900F9080FF6AC080919F0C5E
:10517000869586951F928F938CE496E09F938F93EC
:105180000E94EA05809192080F900F900F900F9067
:1051900080FF56C08091A00C1F928F938EE296E004
:1051A0009F938F930E94EA05809192080F900F9031
:1051B0000F900F9080FF44C08091A10C1F928F939D
:1051C00080E196E09F938F930E94EA058091920878
:1051D0000F900F900F900F9080FF32C08091A20C23
:1051E0001F928F9382EF95E09F938F930E94EA0521
:1051F000809192080F900F900F900F9080FF20C029
:105200008091A30C1F928F9384ED95E09F938F93D1
:105210000E94EA05809192080F900F900F900F90D6
:1052200080FF0EC08091A40C1F928F9386EB95E0B7
:105230009F938F930E94EA050F900F900F900F900D
:1052400008950F931F93CF93DF93182F062FEA0132
:105250000E94BF069CE0199F90011124245E3E4FDE
:10526000E02FE20FF32FF11D90819F3F21F0C80F37
:10527000D11D98838F5FDF91CF911F910F9108957A
:10528000E091AF07F091B0070995089508951F9335
:10529000CF93DF93C62FD42F122FF8DF97FD08C0CE
:1052A000E091AB07F091AC07212F4D2F6C2F0995A2
:1052B000DF91CF911F9108951F93CF93DF93C82F54
:1052C000D0E0FE01E255FE4F8081682371F0F2DAF2
:1052D000182F80E804DB8158782F612F8091A20C71
:1052E00065DE472F282FCE01D2DFDF91CF911F91AE
:1052F0000895FF920F931F93CF93DF93C82FD0E0B1
:10530000FE01E255FE4F80816823A1F00091A10CBF
:10531000F090A20C1091A00C83E0E1DA612F90EEE6
:10532000899F600D1124702F8F2D40DE472F282F6D
:10533000CE01ADDFCDB7DEB7E5E00C94864CE09151
:10534000AD07F091AE0709950895ADE0B0E0EBEA46
:10535000F9E20C945D4CFC015090A20CC52CD12CB0
:105360008601000F111F0C0D1D1D16950795169532
:1053700007950B878FEF90E0B6010E94034C262E15
:105380008281811561F040E060E080E0D8DFE0EAF2
:10539000F9E080E311928A95E9F710926F09809104
:1053A0006E098F5F80936E0980EA882E89E0982EBF
:1053B000312C5E018FEFA81AB80AC601801B910B31
:1053C0008C879D877401198680916F099985892B37
:1053D00009F052C00E94E64C853595400CF04CC057
:1053E000F4015082A501632D89852BDF482E8111A0
:1053F00052C089858F5F89878CE0E80EF11C898512
:10540000843011F733948FEF881A980A832D8C30EB
:10541000C9F680916E09821102C010926E098091C6
:105420006F098F5F8D3108F46FC010926F0928EB00
:1054300039E083E0952D9150D901E0EAF9E083301D
:1054400021F444A1541201C094A34C91451520F0BD
:105450009C931C965C921C973196119649E0EC3A0D
:10546000F40769F781502C5031098111E5CF80E0B4
:105470002D96E2E10C94794CF7018081811509F4B5
:10548000B1CF851508F0AECF90916E099211AACFD9
:1054900081508083A7CFF70120818B858217E8F4A4
:1054A00030E0201B310B209FC001219F900D309FC9
:1054B000900D11246C857D850E94EF4B6A87350124
:1054C000F30181913F012A85452D622F90E0DFDEB7
:1054D000862D8A198415A0F38CCF2C9DC0012D9D9B
:1054E000900D1124B8010E94EF4B6A873501F3013A
:1054F00081913F0120E04A8560E090E0C8DE862D82
:105500008A198415A0F375CF80936F09B0CFA8E0F6
:10551000B0E0EDE8FAE20C94654CB82EA62ED42E3D
:105520000E941312811509F453C0C12CD11439F013
:10553000CE010196AC016A2D8B2D83DEC82E209101
:1055400071098C2D0C2D10E0820F9927991F099756
:105550005CF188E090E0801B910B7C01B8016E58F3
:10556000764FAC0182E799E00E94114DB801665870
:10557000764FA7018AE799E00E94114DA701440FD9
:10558000551FB801660F771F6657764F8AE899E076
:105590000E94114DB8016E57764FA70182E899E03D
:1055A0000E94114D28E02C19CE0101967C0130E0BB
:1055B000C31212C08C2D820F80937109D11441F057
:1055C00080919F0C8C7F8C3719F46A2D8B2DF0DC29
:1055D0002896EAE00C94814CF70111917F01412F4C
:1055E00050E0832F820F90E0BC016F58764FFA0194
:1055F000EE0FFF1FE45BFE4FE081DB011196EC93A1
:10560000440F551F445E5E4FFA0141A9FB014187DB
:10561000118B880F991FFC01EF58F64F118E128ED7
:105620003F5FC6CF9091A80CA091A90CB091AA0C95
:10563000892F9A2FAB2FA69597958795A695979525
:105640008795837090E0A0E0B0E082309105A105DD
:10565000B10571F083309105A105B10561F040E01D
:1056600060E010979040814041F464E180E067CEB3
:1056700044E160E0FBCF44E164E184E1F8CF81E004
:10568000089581E00895FBCF0895FBDFFCCF9AE0F9
:10569000899F802D1124982F965F923308F091E313
:1056A00008954F925F926F927F928F929F92AF92E6
:1056B000BF92CF92DF92EF920F931F93CF93DF931E
:1056C0003C012B01FC018081E2DFC82F192F609182
:1056D000A30C66958091A70C9091A80CAFD8E82EEA
:1056E000D0E0CE01880F991F845E9E4F6C011C177D
:1056F00009F0A0F481E0113308F080E0DF91CF9150
:105700001F910F91EF90DF90CF90BF90AF909F903F
:105710008F907F906F905F904F900895FE01E255BB
:10572000FE4F8081F3019181892351F1F60180A917
:10573000282F2057330B590181A9282F2052330BD2
:105740004901AA9C9001AB9C300D300D1124889C1E
:10575000C001899C900D900D1124820F931F7BD85E
:10576000082F6091A00C7091A10C8091A20C940163
:10577000A501F20109951ADC472F282FCE0187DDFC
:1057800082E0C80ED11C2196B2CF60E877E289CFC3
:105790006AE977E286CF6FE375E283CF63EC77E265
:1057A00080CFA0E0B0E0E7EDFBE20C94654C6C012B
:1057B0005B01FC0180816BDFC82F192F6091A30C66
:1057C00066958091A70C9091A80C38D8082FD0E04E
:1057D000CE01880F991F845E9E4F7C011C1709F033
:1057E00048F481E0113308F080E0CDB7DEB7EAE09D
:1057F0000C94814CFE01E255FE4F8081F6019181AF
:105800008923A1F0F70121A92052330B40A9405769
:10581000550B6091A00C7091A10C8091A20CF50128
:105820000995C4DB472F282FCE0131DD82E0E80E39
:10583000F11C2196D3CF69E477E2B3CF65E677E236
:10584000B0CF60E575E2ADCF63EB77E2AACFA0E021
:10585000B0E0EDE2FCE20C94674C7C016B01FC01D2
:10586000808115DFC82F192F6091A30C669566956E
:1058700021E0620F08F46FEF8091A70C9091A80CC3
:105880000E941E24082FD0E0C11748F081E0113398
:1058900008F080E0CDB7DEB7E8E00C94834CFE0161
:1058A000E255FE4F8081F7019181892379F0609163
:1058B000A00C7091A10C8091A20C202F4C2FF6010E
:1058C000099574DB472F282FCE01E1DC2196DCCF30
:1058D00067E974E2BCCF6AEA74E2B9CF6EED74E2B4
:1058E000B6CF61E175E2B3CF63E175E2B0CF6CE1B1
:1058F00075E2ADCF65E275E2AACF64E076E2A7CFAC
:105900006AE176E2A4CF6BE376E2A1CF8F929F9219
:10591000BF92CF92DF92EF92FF920F931F93CF939C
:10592000DF936C014B01FC018081B1DEC82F192F80
:105930006091A30C669566958091A70C9091A80C38
:105940000E941E24E82E805C0E9478248058F82E45
:105950008E2D0E9478248058B82ED0E0C11780F098
:1059600081E0113308F080E0DF91CF911F910F911A
:10597000FF90EF90DF90CF90BF909F908F90089511
:10598000FE01E255FE4F8081F6019181892381F06D
:105990006091A00C7091A10C8091A20C0C2F2B2D6A
:1059A0004F2DF401099502DB472F282FCE016FDC24
:1059B0002196D4CF66E775E2A9CF61EA75E2A6CF5A
:1059C0006DEC75E2A3CF8F929F92AF92BF92DF9260
:1059D000EF92FF920F931F93CF93DF935C014B01E4
:1059E000FC01808154DEC82FD92E2091A30C31E018
:1059F000230F08F42FEF30E040E050E0CA016FEFD2
:105A00007FEF0E94384C8901D0E0F22EE12E2C2F3E
:105A1000CD1588F081E09D2D913308F080E0DF9175
:105A2000CF911F910F91FF90EF90DF90BF90AF90BB
:105A30009F908F900895FE01E255FE4F8081F50101
:105A40009181892301F14091AB0C4150542F550FA6
:105A5000550B47FF1AC08F2D9E2D6091A30C21E09E
:105A6000620F08F46FEF0E941E24AC016091A00C3D
:105A70007091A10C8091A20CF401099597DA472F3F
:105A8000282FCE0104DC2196C2CFFA01E555F34F51
:105A9000818982130AC0FA01EE0FFF1FE555F34F0B
:105AA000818D928D80179107C0F241505109D1CF5D
:105AB00064E576E288CF61E676E285CFACE0B0E0DF
:105AC000E4E6FDE20C945D4C582E6B837C834D83A1
:105AD0005E83FB018081DBDD9A834090AB0C90E01C
:105AE00089871A86880F991F845E9E4F6C015F829A
:105AF00018868A819985981748F081E09A819133B8
:105B000008F080E02C96E2E10C94794CE985FA8566
:105B1000E255FE4F8081EB81FC8191818923D9F090
:105B20002090A00C8091A10C89838F819885845549
:105B3000934F3C01152D312C1415B0F06091A20C3F
:105B4000832D0E941624622D798130DA472F282F69
:105B500089859A859CDB89859A85019689879A87AC
:105B600082E0C80ED11CC5CFF30181913F01F6013F
:105B7000A0A8A81ABB0881A8F3018781881A9908F0
:105B8000AA9C9001AB9C300D300D1124889CC00163
:105B9000899C900D900D1124820F931F0E942B243D
:105BA000082F6091A30C21E0620F08F46FEFF3015E
:105BB000EE0FFF1FEB5AFC40858996890E941E2438
:105BC0007C019401A501622D7981832DED81FE81F7
:105BD0000995262E7983382E1F5FAECF2091AB0C0E
:105BE00031E0231B08F420E044E756E2BC01822F99
:105BF00065CF44E756E2BC0180E060CF2091AB0C5A
:105C000031E0231B08F420E049E856E2BC01822F72
:105C100055CF49E856E2BC0180E050CF2091AB0C53
:105C200031E0231B08F420E04DEB56E2BC01822F4B
:105C300045CF4DEB56E2BC0180E040CF2091AB0C4C
:105C400031E0231B08F420E04AEE56E2BC01822F2B
:105C500035CF4AEE56E2BC0180E030CF2091AB0C4C
:105C600031E0231B08F420E04FEF56E2BC01822F05
:105C700025CF4FEF56E2BC0180E020CFA0E0B0E09E
:105C8000E4E4FEE20C94674C7C01FC018081FFDCC3
:105C9000C82F192F6091A00C7091A10C8091A20CBB
:105CA00085D9062FD72EC82ED0E01C1709F048F44E
:105CB00081E0113308F080E0CDB7DEB7E8E00C9466
:105CC000834CFE01E255FE4F8081F70191818923CB
:105CD00029F02C2D4D2D602FCE01D9DA2196E5CF5C
:105CE000A0E0B0E0E6E7FEE20C94644C7C01FC012D
:105CF0008081CDDCC82F192F0091A00CD090A10C71
:105D0000D091A20C602F7D2D8D2F50D9C62EB72E8D
:105D1000A82E6091A30C600F7D2D8D2F47D9062FE3
:105D2000D72E982ED0E01C1709F048F481E01133EB
:105D300008F080E0CDB7DEB7EBE00C94804CFE01BC
:105D4000E255FE4F9081F7018181892351F0292D81
:105D50004D2D602F90FD03C02A2D4B2D6C2DCE01B3
:105D600096DA2196E0CFA0E0B0E0E9EBFEE20C94F9
:105D7000674C7C01FC0180818ADCC82F192FD090F0
:105D8000A10CC090A20C6091A30C80E40E94162488
:105D9000082FD0E01C1709F048F481E0113308F017
:105DA00080E0CDB7DEB7E8E00C94834CFE01E2550D
:105DB000FE4F8081F70191818923A1F0FE01EE0F52
:105DC000FF1FE45EFE4F81A982958F706091A00C49
:105DD000809F600D11247D2D8C2DE8D8472F282F12
:105DE000CE0155DA2196D6CFA0E0B0E0EAEFFEE290
:105DF0000C94674C7C01FC01808149DCC82F192F71
:105E0000D090A10CC090A20C6091A30C80E40E94E1
:105E10001624082FD0E01C1709F048F481E0113354
:105E200008F080E0CDB7DEB7E8E00C94834CFE01CB
:105E3000E255FE4F8081F70191818923C1F0FE0177
:105E4000EE0FFF1FE45EFE4F60A9609FB0011124BA
:105E500095E0759567959A95E1F78091A00C680F8C
:105E60007D2D8C2DA3D8472F282FCE0110DA219617
:105E7000D2CF0F931F93CF93DF93EC0188818111D1
:105E800019C06091A30C20E1620F08F46FEF8091BC
:105E9000A70C9091A80C0E941E246AE070E00E945A
:105EA000EF4B892B39F481E30E946F2480935304D4
:105EB000109254048881EBDB092F182F9A819111DD
:105EC00017C020915304309154042817310590F0E5
:105ED0002017310578F46981822F0BDA82E38093F1
:105EE00053041092540406C06981812F02DA1F5FA7
:105EF0001017D0F381E0013308F080E0DF91CF91FB
:105F00001F910F9108950F931F93CF93DF93EC018F
:105F10008881811119C06091A30C20E1620F08F4FF
:105F20006FEF8091A70C9091A80C0E941E2465E051
:105F300070E00E94EF4B892B39F481E30E946F24BB
:105F400080935104109252048881A1DB092F182FED
:105F50009A81911117C02091510430915204281751
:105F6000310590F02017310578F46981822FA4D98A
:105F700082E3809351041092520406C06981812FFC
:105F80009BD91F5F1017D0F381E0013308F080E048
:105F9000DF91CF911F910F910895AEE0B0E0E3ED56
:105FA000FFE20C945D4C7C01FC01808170DB8D87ED
:105FB0009A87F7018281811551F040E060E080E02E
:105FC000BED9E0EAF9E080E311928A95E9F7F7019A
:105FD0008081811115C08091D1099091D2090E94D0
:105FE000BE3E21E08931910508F420E02093D009DC
:105FF000499730F00E94143F8093D1099093D209C1
:1060000080EAA82E89E0B82E412C512C4E018FEF4A
:10601000881A980A6501312CF601819189876F01F0
:10602000A401632D852D0DD98B87340190E0862D39
:1060300088192B85821720F1911559F08091D0098C
:10604000811539F0298531E0231B08F420E0F601A1
:1060500022933394832D8C30F9F65394852D84301C
:1060600031F08CE0A80EB11C842D8A3098F281E0CA
:106070009A85913308F080E02E96E2E10C94794CF9
:10608000F30101913F018D85081788F28A85081771
:1060900070F6439410E0F801E255FE4F8081F7015D
:1060A0002181822309F4C3CF298535E5231B08F418
:1060B00020E08AEA821B8C878091A10C8E872AEAD5
:1060C0003985230F08F42FEF822F880F820F6091FC
:1060D000A20C8E5F0E9416246C857E850E94D627B6
:1060E000472F282FC801D3D891E0A1CFAAE0B0E074
:1060F000ECE7F0E30C945D4C782E80915904871105
:1061000025C090919F0C937020915A0430E081E05B
:106110009217130609F480E0809358048091A40C30
:1061200090915704981731F08093570440E060E055
:1061300080E005D9872D8D3258F4E72DE150EC32FF
:1061400060F4F0E0EE50F24B0C94544C81E0E4CF5C
:106150008F3F09F4F1C280E00CC080915804811592
:10616000D1F340E060E080E0EAD8F5CF86E594E046
:1061700085DD909156049F5F909356048111E1C292
:1061800082E080935504809158048111DAC2711025
:10619000D8C283E0D4C286E594E0A2DDEACF86E5EA
:1061A00094E0E1DDE6CF86E594E01EDEE2CF86E511
:1061B00094E08EDBDECF86E594E08DDBDACF86E5FA
:1061C00094E08CDBD6CF86E594E035DBD2CF86E554
:1061D00094E034DBCECF86E594E0D7DACACF86E50B
:1061E00094E0D6DAC6CF86E594E07BDBC2CF86E5C5
:1061F00094E07ADBBECF86E594E079DBBACF86E522
:1062000094E078DBB6CF86E594E0C5DAB2CF86E5D8
:1062100094E017DBAECF86E594E016DBAACF86E5E7
:1062200094E0BCDAA6CF86E594E0C4DBA2CF86E595
:1062300094E0C3DB9ECF86E594E0C2DB9ACF86E58F
:1062400094E017DE96CF86E594E05DDE92CF86E59A
:1062500094E053DB8ECF86E594E052DB8ACF86E56F
:1062600094E051DB86CF80915604811109C0809162
:106270005804811529F081E30E946F2480936D09F1
:106280008091560404DA99830091690910916A0992
:1062900020916B0930916C094091A70C5091A80C8A
:1062A0006091A90C7091AA0C0417150726073707EF
:1062B00008F046C0E0916D09E817E0F0E917D0F466
:1062C000F0E0E255FE4F808190915704892391F0D0
:1062D0000E945A2481FF38C01A8270E080E06A81EF
:1062E0000E94D627472F90916D09282F892F90E083
:1062F0000E9447298981813318F181E30E946F242C
:1063000080936D096091A30C80E097E00E941E24A9
:1063100020E038E0281B390B8091A70C9091A80C45
:10632000A091A90CB091AA0C820F931FA11DB11DC1
:106330008093690990936A09A0936B09B0936C09E3
:1063400081E0998191337FC00E945A248A8380E83A
:106350000E946F248158782F8091A20CC0CF809129
:10636000650990916609A0916709B091680940910B
:10637000A70C5091A80C6091A90C7091AA0C481719
:1063800059076A077B0708F4E6CE8091580481110B
:106390005DC0809156047BD9192FE82EF12CC701DE
:1063A000880F991F8E0D9F1D8E52974F8F83988750
:1063B000E11608F483C0113308F443C0812F8150E3
:1063C000990B9C01220F331F280F391F2F83388709
:1063D000A90165ED78E082ED98E00E94114D0E94E0
:1063E0005A242F8138852E52374F2F83388781FFCB
:1063F0007EC0F9011082118212822091A30C30E13B
:10640000230F08F42FEF60E1822F90E00E941E24FA
:10641000BC0188EB9BE00E94EF4B8091A70C909110
:10642000A80CA091A90CB091AA0C860F971FA11DD2
:10643000B11D8093650990936609A0936709B09395
:10644000680981E0113308F494CE85CE40E060E025
:1064500080E00E949F2962EDE62E68E0F62E00E0C3
:1064600010E00E945A2481FF0DC0F70110821182B2
:1064700012820F5F1F4F83E0E80EF11C01331105FC
:1064800081F787CF0E945A24D82E80E80E946F247B
:106490008158782FC801880F991F800F911F8E5245
:1064A000974F8F8398876D2D8091A20C0E94D627DD
:1064B000EF81F885608371838283DBCFF701E2553A
:1064C000FE4F808190915704892341F0EF81F88538
:1064D000228141816081C7010E9447298F8198856F
:1064E00003968F8398878FEFE81AF80A61CF0E948E
:1064F0005A24082F80E80E946F248158782F602F3B
:106500008091A20C0E94D627EF81F8856083718369
:10651000828373CF80915804811559F040E060E088
:1065200080E00E949F29EAEBF8E088E111928A95C9
:10653000E9F780915604ABD8282E692E8091A70CDC
:106540009091A80CA091A90CB091AA0C4091B6080A
:106550005091B7086091B8087091B9084817590769
:106560006A077B0708F0A8C06091A00C7091A10C8D
:106570008091A20C0E94D6276C837D838E830AEBC8
:1065800018E08CE191E08F83988778018F80988460
:10659000C4010C968F8398875C016701312CF6014A
:1065A00081916F01811509F48AC08C8189838D8165
:1065B0008A838E818B83F40141904F01F5015290C3
:1065C0005F01421490F0461480F4E42DF0E0DF0106
:1065D000A255BE4F9C9180915704982331F02B8196
:1065E0004A816981CF010E9447295214A0F05614B4
:1065F00090F4E52DF0E0DF01A255BE4F9C91809113
:106600005704982341F0451431F02B814A81698168
:10661000CF010E9447293394832D863009F0BFCFE4
:1066200086E0E80EF11C2F8138852C54314009F0AA
:10663000ADCF862D813308F43FC082ED98E08F8383
:10664000988745E050E0B8016F5F7F4FC8010E9416
:10665000114D0E945A24837091E0811190E0F8015D
:1066600095830A5F1F4F8F8198858017910749F79F
:106670002091A30C30E1230F08F42FEF60E1822F6B
:1066800090E00E941E24BC0188EB9BE00E94EF4B2F
:106690008091A70C9091A80CA091A90CB091AA0C84
:1066A000860F971FA11DB11D8093B6089093B70860
:1066B000A093B808B093B90881E0962D43CE1B8211
:1066C0001A82198278CF86E594E067DC52CD86E5A0
:1066D00094E00E94A5293FCD86E594E0E9D949CD13
:1066E00086E594E0E8D945CD86E594E077DA41CDBA
:1066F00086E594E07EDA3DCD86E594E07FDA39CD1B
:1067000086E594E086DA35CD86E594E087DA31CD0A
:1067100086E594E08EDA2DCD86E594E08FDA29CDFA
:1067200086E594E096DA25CD86E594E097DA21CDEA
:1067300086E594E09EDA1DCD0E94122B82E08093C4
:1067400055042A96E2E10C94794C81E0089581E0A9
:106750000895FBCF0895CF93DF93FC018081815092
:106760000E94472BEC016D2FF2DF6D2F8C2FF1DF94
:10677000DF91CF9108958F929F92AF92BF92CF9267
:10678000DF92EF92FF92CF9360919A0970919B09EB
:1067900080919C0990919D090E94C73E6B017C01EC
:1067A0000E94203F4B015C0160939A0990929B09E3
:1067B00080939C09B0929D09A0917109E1E7F9E0ED
:1067C0008A2F90E04FEF5FEF60E070E04C195D09B9
:1067D0006E097F09A91331C080937109C0919E0988
:1067E00080915504823009F452C0B8F5811141C03E
:1067F000109256048092A70C9092A80CA092A90C1B
:10680000B092AA0C99E2E1E7F9E0ABEABCE00190B2
:106810000D929A95E1F790919F09911108C080918E
:106820009F0C837021F080919F0C869586958093B4
:106830009E0981E08093550412C0218D328D42174C
:1068400053076105710520F481509F5F3296C2CFD6
:106850002C0D3D1D218F328FF8CF833019F1CF9150
:10686000FF90EF90DF90CF90BF90AF909F908F9070
:1068700008958C2F3BDCC11591F380915504823033
:1068800011F40E94452B86E594E065DFE8CFC093C4
:10689000590480919F0C837080935A040E94402970
:1068A00083E0C8CF80917009811531F08FE99CE0B9
:1068B0000E94C611109270096091A70C7091A80CEB
:1068C0008091A90C9091AA0C0E94C73E603171057D
:1068D0008105910520F210925504C1CFE091A907DE
:1068E000F091AA0709951092AB0C40E150E06FEFD0
:1068F00070E084EC9CE00E94224D1092710940E10E
:1069000050E06FEF70E08AE899E00E94224D81E04C
:10691000809370098FE99CE00E94C4111092700965
:1069200080919F0C843070F48091920880FF08C0A1
:1069300081E695E09F938F930E94EA050F900F9058
:106940000E946B280C949328CF93C82F811589F04F
:1069500080919F0981110DC0C9DB1092590480916B
:106960009F0C837080935A040E94402983E0809397
:106970005504C0939F09CF910895CF93C82F80915C
:106980009F0C91E0892780939F0C109255048C2FC7
:106990000E9411278091920880FF19C080919F0C5E
:1069A000837028E937E0C11102C026E937E01F9261
:1069B0008F933F932F938AE295E09F938F930E944A
:1069C000EA050F900F900F900F900F900F90CF91BE
:1069D000089581E0D2CF80919F0C837011F41092C2
:1069E000550480919F0C8C7F816080939F0C08954B
:1069F000F2DF81E00C94112780919F0C837011F0DD
:106A00001092550480919F0C8C7F80939F0C089569
:106A1000F3DF81E00C941127CF93C62F90919F0C48
:106A2000937081F1811581F18D3280F58F73880F1C
:106A3000880F90919F0C9370892B80939F0C1092DC
:106A400055048C2F0E9411278091920880FF1AC054
:106A500080919F0C8695869528E937E0C11102C088
:106A600026E937E01F928F933F932F9380E195E0C3
:106A70009F938F930E94EA050F900F900F900F90B5
:106A80000F900F90CF91089581E0D1CF8CE2CFCFBE
:106A9000682F90919F0C96959695892F8F5F8D32D8
:106AA00008F081E0B9CF81E0F3CF682F90919F0C7F
:106AB00096959695892F815009F48CE2ADCF81E0AF
:106AC000F4CFA0E0B0E0E7E6F5E30C946C4C122FB5
:106AD00090919F0C937079F18093A00C6093A10C1E
:106AE0004093A20C822F0E9411278091920880FF70
:106AF00022C04091A20C2091A10C8091A00C68E9C9
:106B000077E0111102C066E977E01F924F931F9260
:106B10002F931F928F937F936F938DEE94E09F93AB
:106B20008F930E94EA058DB79EB70A960FB6F89428
:106B30009EBF0FBE8DBFE3E00C94884CA0EABCE082
:106B4000EC91F0E0282F12964C916E91CF010896AF
:106B5000B8CF81E0F3CFEFE9FCE0282F43816281D9
:106B6000E181E850FF0BCF01ACCF81E0F4CFEFE93A
:106B7000FCE0628120E1620F08F46FEF9181282F21
:106B80004381892F90E09DCF81E0F1CFEFE9FCE0D8
:106B9000628120E1621B08F460E09181282F43812B
:106BA000892F90E08ECF81E0F1CFEFE9FCE04381C7
:106BB00020E1420F08F44FEF9181282F6281892F45
:106BC00090E07FCF81E0F1CFEFE9FCE0438120E16D
:106BD000421B08F440E09181282F6281892F90E0C8
:106BE00070CF81E0F1CFCF93C62F8093A30C862F77
:106BF0000E9411278091920880FF18C08091A30CF9
:106C000028E937E0C11102C026E937E01F928F93CF
:106C10003F932F938EEC94E09F938F930E94EA050D
:106C20000F900F900F900F900F900F90CF910895AD
:106C30002091A30C30E1230F08F42FEF682F822F4F
:106C4000D2CF81E0F5CF2091A30C30E1231B08F4D3
:106C500020E0682F822FC7CF81E0F5CFCF93C62FDA
:106C60008093A40C862F0E9411278091920880FFA8
:106C700018C08091A40C28E937E0C11102C026E9B0
:106C800037E01F928F933F932F938FEA94E09F9367
:106C90008F930E94EA050F900F900F900F900F9026
:106CA0000F90CF91089521E030E09091A40C9F3F88
:106CB00009F020E02156384F682FF9018081CECFAE
:106CC00081E0F1CF21E030E09091A40C9F3F09F0EA
:106CD00020E02156384F682FF9018081BFCF81E035
:106CE000F1CFA1E0B0E0E7E7F6E30C946B4C498309
:106CF000E82FF0E0EF54F84F808104E610E09D01AA
:106D0000AE014F5F5F4F880F0E94FD3F2196E4E088
:106D10000C94874C462F6DEFE4CFEF92FF920F93C8
:106D20001F93CF93DF93282F30E094EA899FE001EF
:106D30001124CD52D64F84E2F82E2F54384FF9014A
:106D40008081880FE82E04E610E020E130E0AE01FB
:106D50006F2D8E2D0E94FD3F8F2D805FF82E609647
:106D6000843B89F7CDB7DEB7E6E00C94854CCF9332
:106D7000DF93D82F6BE0CEDF40E06AE08D2FB1DFEC
:106D80008FE39CE90197F1F700C0000040E060E06C
:106D90008D2FA7DF40E061E08D2FA3DF40E066E0AC
:106DA0008D2F9FDF60E08D2FB5DFC0E040E06C2FBE
:106DB0008D2F97DFCF5FC231C9F740E06C2F8D2F49
:106DC00090DFCF5FC432C9F740E06C2F8D2F89DF91
:106DD000CF5FC43BC9F76BE08D2F9CDF41E06AE0D9
:106DE0008D2F7FDF60E08D2F95DFDF91CF910895AC
:106DF000A4E0B0E0EEEFF6E30C946A4CF62E042F1C
:106E0000122F81339105E8F5880F991F880F991F7C
:106E100088569F4FBC01AD01CE0101960E94F24CF5
:106E2000898183706A815B814C8124EA829FC001E1
:106E300011249C012D52364FF901E60FF11D70818E
:106E40007F110CC0F901E50FF11D7081701306C0B0
:106E5000240F311DF9012081211799F08D52964F91
:106E6000FC01E60FF11DF082FC01E50FF11D00832E
:106E7000FC01E40FF11D108380579F4F21E0FC01BE
:106E800020832496E5E00C94864CFF920F931F9389
:106E9000CF93DF93182F062FF42EC0E0D0E02F2DD4
:106EA000402F612FCE01A4DF2196C133D105B9F760
:106EB000CDB7DEB7E5E00C94864CA4E0B0E0E3E6A5
:106EC000F7E30C94694C062FF42EE22E94E0899F90
:106ED000B001112468567F4FAD01CE0101960E948A
:106EE000F24C7A81FB81AF2FA695A695A6951A2F15
:106EF0004C81E42FE695E695E695F7704770898119
:106F00008370672F66956695669524EA829FC00117
:106F100011249C012D52364F260F311D2F563F4F05
:106F2000D9015C91777021E001C0220F7A95EAF7D0
:106F3000011509F441C0522B9C012D52364F620FAE
:106F4000732F711D6F567F4FDB015C93210F311D35
:106F50002F563F4FD9015C9121E001C0220FFA95D5
:106F6000EAF7F11461F1522B9C012D52364FD901F1
:106F7000A10FB11DAF56BF4F5C932E0F311D2F5681
:106F80003F4FD9015C9121E001C0220F4A95EAF7F9
:106F9000E114C1F0252B8D52964FE80FF92FF11D0A
:106FA000EF56FF4F20838D559F4F21E0FC0120833A
:106FB0002496E6E00C94854C20955223BDCF209575
:106FC0005223D2CF20952523E6CFCF93DF9394EAA7
:106FD000899FE0011124CD59D54F9881911511F069
:106FE0009CDE1882DF91CF910895EF92FF920F936C
:106FF0001F93CF93DF93082F84EA089FE0011124A9
:10700000FE01EA58F54F8081811589F0CE018C5937
:10701000954F7C0110E0F70141917F01612F802F96
:1070200060DE1F5F1231B9F7CA58D54F1882CDB74D
:10703000DEB7E6E00C94854CCF93AED780E097DEC8
:1070400081E095DEC0E021E041E061E08C2F35DF9A
:10705000CF5FC133C1F780E0C8DF81E0C6DFCF91E9
:10706000089580E0B2DF81E0B0CF0C94B2110895B2
:1070700080E00E949E15817008950E94A2168FEFF5
:1070800096E721E0815090402040E1F700C00000E9
:107090000E94A216EDDF811511F0E7DF01C7089508
:1070A000ECCF0895CF93DF93EB0186319C4709F530
:1070B0000E946C109D81911599F08A7A91E081115E
:1070C00001C090E090931B0B811541F085E385D5BD
:1070D0000E94191180E0DF91CF91089589E2F7CFE6
:1070E00080911B0B811519F085E38ED5F1CF89E2D4
:1070F000FCCF81E0F0CFCF93DF93EC01FB018581E2
:10710000811509F4F3C09E0130572332310508F090
:1071100053C08AE59BE00E94BC11FE01E150F0479C
:10712000E232F10520F4E25EF14B0C94544C809174
:107130005A0B816080935A0B38C080915B0B88603A
:1071400080935B0B32C080915A0B8260F3CF8091A9
:107150005A0B8460EFCF80915A0B8860EBCF8091FF
:107160005B0B8160EDCF80915B0B8260E9CF8091FA
:107170005A0B8061DFCF80915A0B8062DBCF809108
:107180005A0B8064D7CF0E94260C80915A0B8068DE
:10719000D1CF80915A0B8C6080935A0B40E064E011
:1071A00070E08DE894E00E9441198AE59BE00E941E
:1071B000BE110E94260C80E0DF91CF91089580914E
:1071C0005B0B836080935B0B40E064E070E08DE5D7
:1071D00094E0E9CF80915A0B8E7FACCF80915B0B0E
:1071E000877FAECF80915A0B8D7FA4CF80915A0BB1
:1071F0008B7FA0CF80915A0B877F9CCF80915B0BB8
:107200008E7F9ECF80915B0B8D7F9ACF80915A0BA2
:107210008F7E90CF80915A0B8F7D8CCF80915A0BAF
:107220008F7B88CF0E94260C80915A0B8F7782CF5C
:1072300080915A0B837F80935A0B40E062E070E0AC
:107240008DEA94E0B0CF80915B0B8C7F80935B0BD9
:1072500040E062E070E08DE794E0A5CF90915A0B9A
:10726000892F8B7F92FF8460877F92FF8860809355
:107270005A0B40E083FFE2CF92CF80915B0B982FB7
:10728000909590FB80F990FB81F980935B0B40E037
:1072900081FFDFCF9ACF90915A0B892F8F7B96FF7A
:1072A000806448CF0E94260C90915A0B892F97FB3F
:1072B00087F980583FCF81E00E94C81176CF80E0E7
:1072C000FBCF90915A0B892F8F7E94FF806132CF34
:1072D00090915A0B892F8E7F90FF81602BCF9091D8
:1072E0005B0B892F877F93FF88602ACF81E064CF73
:1072F000CF93C82F8091340B811519F08C2F0E94E9
:1073000086178091330B811519F08C2F0E94CB22A8
:10731000CF910895CF93C82F8091340B811519F028
:107320008C2F0E9488178091330B811519F08C2FB8
:107330000E94D122CF9108958091340B81110E9437
:107340008A178091330B81110C94D72208950C94E5
:107350006B070895F1DF1092340B40E068E070E0B5
:107360008DE395E00C9441190E94D7221092330BC3
:1073700040E068E070E08DEB94E00C944119DCDFB4
:1073800020915F0630E02395237030E020935F0664
:1073900048E2429FC001439F900D112440E065E008
:1073A00070E083549A4F0C944119CF938091300B25
:1073B0008115E1F080911C0B90911D0B009771F4E9
:1073C00033D580931C0B90931D0B80911E0B282F9F
:1073D00030E0811569F0C90101970EC0CFD420912A
:1073E0005D0630915E062817390750F3CF91089556
:1073F00080911F0B8150990B205E344FF901208141
:10740000C22F805E944FFC01808184DF8C2F70DF5F
:1074100080911E0B90E0019660911F0B70E00E941E
:10742000034C80931E0BE2CF089581E08093340BD0
:1074300040E068E070E08DE795E00E944119F4CFEC
:10744000089581E08093330B40E068E070E08DEFB9
:1074500094E00E944119F4CFEF92FF921F93CF93D3
:10746000DF93CDB7DEB7A3970FB6F894DEBF0FBE9C
:10747000CDBF7C0180E9E81684E7F80699F4FB01AA
:107480008581811509F456C0D0DF80E0A3960FB640
:10749000F894DEBF0FBECDBFDF91CF911F91FF905B
:1074A000EF90089581E9E81684E7F80639F4FB01C6
:1074B0008581811509F43EC04DDFE7CF82E9E816EA
:1074C00084E7F80649F4FB018581811599F18091E3
:1074D000340B8111F1CFD8CFE11481E7F80631F4F4
:1074E000FB018581811531F1ACDFCFCF81E0E8165A
:1074F00081E7F80631F4FB0185818115D9F034DF8D
:10750000C4CF82E0E81681E7F80649F4FB018581E3
:10751000811581F08091330B8111F1CFE5CF83E9A3
:10752000E81684E7F80631F4FB018581811511F036
:1075300026DFABCF8091340B811105C08091330BD6
:10754000811509F4BFC0FB014581411509F44DC007
:1075500080EEE816F10459F4EFDE81E08093320BFF
:107560001092310B1092300B10921F0B8ECF82EEC7
:10757000E816F10469F4E0DE8091320B811519F010
:1075800081E08093310B1092320B1092300B7DCF43
:1075900083EEE816F10489F48091310B811529F10D
:1075A000CBDE1092320B81E08093300B10921E0BD9
:1075B00010921C0B10921D0B68CF82E5E816F104A7
:1075C00051F480915D0690915E060A9780935D0666
:1075D00090935E065ACF81E5E816F10431F480916C
:1075E0005D0690915E060A96F1CF80915F0610913C
:1075F0006206813070F4135080916006810FFB01A8
:107600009081890F618124E030E0261B182F8CE0E7
:1076100038C041F5105E80916006810FFB019081BA
:10762000890F618124E030E0261B122F110F110F0A
:10763000120F180F812F411509F442C059DE8091B5
:10764000320B811551F080911F0BE82FF0E0E05EC6
:10765000F44F10838F5F80931F0BC70178DE91E09A
:10766000892714CF823089F4105E80916006810FE3
:10767000FB019081890F618124E030E0261B182FE7
:1076800087E0289F100D1124D5CF833099F623E28F
:10769000E3EAF6E0CE010196DC0101900D922A9515
:1076A000E1F7FB012081820F911DE0916006F091CE
:1076B0006106E80FF91F13508081810FFB01A2CFF3
:1076C00029DECBCF81E0E2CE0F931F93CF93DF93E0
:1076D000C42FD22FFC0185818115C9F04093370B4F
:1076E000A3D38093350B9093360B8C2F805E88301C
:1076F00048F481E0C1FD84E0C0FD880FC2FD8295A1
:107700000E940E0ADF91CF911F910F910895109161
:10771000370B141333C08091350B9091360B2ED359
:10772000883C910558F5CD2FC05E1D17C1F0812F03
:10773000805E883048F481E011FD84E010FD880F00
:1077400012FD82950E94130AC83048F481E0D1FDF1
:1077500084E0D0FD880FD2FD82950E940E0A802F12
:107760000E94070A81E0D1FD84E0D0FD880FD2FDA0
:107770008295C83038F60E94130AC4CF8C2F805EE1
:10778000883008F0BFCF81E0C1FD84E0C0FD880FE4
:10779000C2FD8295F0CF0F93FC01CB01E851FC476D
:1077A000E730F10588F5E05CF14B0C94544C06E2AF
:1077B00021EE41EE6AE17CE787DF80E00F910895DA
:1077C00007E225EE45EE6BE17CE7F6CF06E221EE1F
:1077D00040EE68E17CE7F0CF07E225EE44EE69E198
:1077E0007CE7EACF06E221EE42EE6CE17CE7E4CFF3
:1077F00007E225EE46EE6DE17CE7DECF08E221E010
:1078000045EE6EE17CE7D8CFFB01858181111092B6
:10781000370B81E0D3CF80933C0B90933D0B0895C1
:10782000089508955AD2982F81E0913009F080E0B0
:107830000895E0913C0BF0913D0B309739F00190A9
:10784000F081E02D309711F00995089580E00895BA
:10785000F0CF0895EF92FF920F931F93CF93DF9392
:10786000EC01E0913C0BF0913D0B3097F1F102807F
:10787000F381E02D3097C9F109958091920882FF3C
:1078800034C080FF0DC088811F928F938BEE97E0EC
:107890009F938F930E94EA050F900F900F900F9087
:1078A0007E0186E0E80EF11C05EE17E0809192085B
:1078B00080FF0BC08A811F928F931F930F930E94AA
:1078C000EA050F900F900F900F902196CE15DF05CF
:1078D00069F78091920880FF08C083EE97E09F933C
:1078E0008F930E94EA050F900F90CDB7DEB7E6E0C8
:1078F0000C94854CEF92FF920F931F93CF93DF93DD
:10790000EC01E0913C0BF0913D0B309709F444C041
:1079100084819581892B09F43FC086E088830480A7
:10792000F581E02DCE0109958091920882FF34C047
:1079300080FF0DC089811F928F938EEC97E09F93FB
:107940008F930E94EA050F900F900F900F907E0189
:107950008EE1E80EF11C08EC17E08091920880FFA0
:107960000BC08A811F928F931F930F930E94EA0589
:107970000F900F900F900F902196CE15DF0569F7AD
:107980008091920880FF08C086EC97E09F938F93C8
:107990000E94EA050F900F90CDB7DEB7E6E00C9499
:1079A000854CA3E0B0E0E7EDFCE30C946D4C209136
:1079B0003A0B30913B0B28173907B1F080933A0B03
:1079C00090933B0BE0913C0BF0913D0B309761F0B5
:1079D0000084F185E02D309739F023E029838A83F4
:1079E0009B83CE01019609952396E2E00C94894C85
:1079F000A3E0B0E0EEEFFCE30C946D4C2091380B6B
:107A00003091390B28173907B1F08093380B9093D8
:107A1000390BE0913C0BF0913D0B309761F0008405
:107A2000F185E02D309739F024E029838A839B8308
:107A3000CE01019609952396E2E00C94894CCF93F0
:107A4000DF93C091C403D091C503ECDE811521F012
:107A500080915A0B87FD11C09E012E5F3F4F96E02B
:107A600080E09150F90140812F5F3F4F41118F5FBE
:107A70009111F7CFDF91CF9108952091C2033091FA
:107A8000C3032E5F3F4F9EE1EBCFCF93C82F8111F1
:107A900002C080E02EC0C6DE811521F080915A0B15
:107AA00087FD0FC08091C4039091C503FC013296FD
:107AB000089620812C17F9F03196E817F907C9F7D5
:107AC000E8CF8C2F869586958695C03F10F7E0917C
:107AD000C203F091C303E80FF11D228130E0C770AB
:107AE00081E001C0880FCA95EAF7282381E0232BA3
:107AF00081F2CF91089581E0FCCF9C01FC01329688
:107B000080E09FEF4081461759F031969F3F19F46E
:107B1000411101C0982F8F5F8630A1F79F3F09F474
:107B20000895290F311D97FD3A95F9016283089553
:107B3000FC01329608962191261302C0DF011E92A5
:107B4000E817F907C1F70895262F2695269526955B
:107B5000603F68F4820F911DFC01677021E001C055
:107B6000220F6A95EAF78281822B828308958091A1
:107B7000920880FF0CC01F926F9382E298E09F935F
:107B80008F930E94EA050F900F900F900F90089529
:107B9000262F269526952695603F70F4820F911D1D
:107BA000FC019DEF61FD97EF60FF959562FD929559
:107BB00082818923828308958091920880FF0CC07E
:107BC0001F926F9384E098E09F938F930E94EA0541
:107BD0000F900F900F900F900895CF93C82F22DE33
:107BE0006C2F811559F080915A0B87FF07C0809147
:107BF000C2039091C303A8DFCF9108958091C4037D
:107C00009091C5037ADFF8CFCF93C82F0BDE6C2F8E
:107C1000811559F080915A0B87FF07C08091C203EC
:107C20009091C303B5DFCF9108958091C4039091E3
:107C3000C5037EDFF8CFF6DD811571F080915A0B18
:107C400087FF0AC0E091C203F091C30332968EE130
:107C500011928A95E9F70895E091C403F091C50364
:107C6000329686E0F5CF0895FECF08958F5F80931A
:107C70006606609163067091640680916506909136
:107C80006606F2CF83E0809366066091630670918A
:107C900064068091650690916606E6CFE7CF089569
:107CA00081E080936606609163067091640680911E
:107CB000650690916606D8CFF3CF089591E08111C3
:107CC00001C090E090936506609163067091640630
:107CD0008091650690916606C7CF809165060895EC
:107CE00080936406609163067091640680916506D6
:107CF00090916606B9CF80916406089580936306DB
:107D000060916306709164068091650690916606A5
:107D1000ABCF8091630608950895FECF0895E82FB4
:107D2000F0E0EE0FFF1FE25CF44F81E090E002C054
:107D3000880F991F6A95E2F7BC01808191816823C1
:107D4000792381E0672B09F480E00895411115C083
:107D5000E82FF0E0EE0FFF1FE25CF44F81E090E0CF
:107D600002C0880F991F6A95E2F78095909520814F
:107D7000318182239323808391830895CF93DF936E
:107D8000EC0152D08C1B9D0BDF91CF910895EF92A7
:107D9000FF920F931F937B018C0152D09701A80192
:107DA000621B730B840B950B1F910F91FF90EF904B
:107DB000089585B7806885BF85B7806885BF0895B9
:107DC0001F921FB61F9211248F939F93AF93BF935F
:107DD0008091460B811113C08091D40C9091D50CE9
:107DE000A091D60CB091D70C4196A11DB11D8093E6
:107DF000D40C9093D50CA093D60CB093D70CBF9114
:107E0000AF919F918F911F901FBE1F9018950E9458
:107E1000260C0C94900882E084BD93E095BD9AEF07
:107E200097BD80936E0008952FB7F8948091D40C7D
:107E30009091D50CA091D60CB091D70C2FBF08957E
:107E40002FB7F8946091D40C7091D50C8091D60C1A
:107E50009091D70C2FBF089578941F921FB61F9250
:107E600011248F939F93AF93BF938091D40C9091E3
:107E7000D50CA091D60CB091D70C0196A11DB11DC7
:107E80008093D40C9093D50CA093D60CB093D70CC0
:107E9000BF91AF919F918F911F901FBE1F9018951A
:107EA00081E08093E00080E28093D8001092C900C6
:107EB0008FE19EE40197F1F700C00000A7E0B0EB6E
:107EC000CD018093E50C9093E60CA093E70CB09362
:107ED000E80C88E19CE00FB6F894A89580936000C8
:107EE0000FBE90936000FFCF88E19CE00FB6F8943E
:107EF000A895809360000FBE90936000FFCFEF9233
:107F0000FF921F93CF93DF93182FEB011092BC00C9
:107F100084EA8093BC0088DF7C018091BC0087FFED
:107F200025C08091B900887F883029F08091B90000
:107F3000887F803171F51093BB0084E88093BC008A
:107F400073DF7C018091BC0087FF1DC02091B900C8
:107F5000287F80E090E0283181F081E090E02034BB
:107F600009F480E091958195910907C0C70106DF6A
:107F7000C817D90790F68EEF9FEFDF91CF911F9131
:107F8000FF90EF900895C701F9DEC817D907D0F622
:107F9000F2CF8FEF9FEFF1CF1092B9008CE080937A
:107FA000B80008950F931F93CF93DF93EB01809355
:107FB000BB0084E88093BC0037DF8C018091BC005B
:107FC00087FF10C02091B900287F81E090E028321F
:107FD00009F480E0919581959109DF91CF911F91EE
:107FE0000F910895CF3FDC0749F3C801C7DEC817DA
:107FF000D90720F78EEF9FEFF0CFA0E0B0E0E3E0ED
:10800000F0E40C94614C982E862E742E652E690136
:10801000E8010ADF5C010431110510F10F3F100780
:1080200019F1C80164E170E00E94EF4BF62EE72ED3
:108030006F2D7E2D892D63DF8C01892BC1F0CF3F01
:10804000DC07B1F3C5019ADEC817D90788F784E9C0
:108050008093BC00C801CDB7DEB7EEE00C947D4C38
:10806000FF24F394E12CE4CF85E0F82EFBCFBE0192
:10807000882D98DF8C01E72CF62CCE0CDF1CEC143D
:10808000FD0429F30115110511F7BE01F7018191D6
:108090007F0188DF8C01F3CF08959B01BA01909195
:1080A000DC0C9430D9F48F708093E9009FEF8091BD
:1080B000E80085FD06C085ED8A95F1F70000915036
:1080C000B1F78091E80085FF09C040E050E0C901A8
:1080D0007DD28091E8008E778093E800089543E098
:1080E00050E0BC0182E0D9CF40E250E0BC0182E028
:1080F000D4CFCF93DF93EC01F0DD48E050E0BE0138
:1081000081E0CBDF88E0FE01AAE4BBE001900D92A4
:108110008A95E1F7DF91CF910895089580E598E081
:108120009F938F930E94EA058091DB0C0F900F9034
:10813000811107C024D478D48091E20084608093B8
:10814000E20008958CE498E09F938F930E94EA05E3
:108150001092DB0C0F900F90089588E498E09F93A5
:108160008F930E94EA059CDD81E0A8DD0F900F90BF
:108170000895A0E0B0E0EFEBF0E40C946D4C84E4E3
:1081800098E09F938F930E94EA056091D80C81E05C
:10819000611101C080E076DD0F900F90E2E00C9459
:1081A000894CA0E0B0E0E7EDF0E40C946D4C80E485
:1081B00098E09F938F930E94EA0529DE9091DC0C52
:1081C00081E0943009F080E06091D80C67DD0F9079
:1081D0000F90E2E00C94894C2091480B2F5F822F86
:1081E00062E30E94E34B911519F02093480B089528
:1081F0001092480B8091490B8115E9F08091DC0CBD
:108200008430B9F49091E9008091EC009F7080FB7C
:10821000882787F9892B93E09093E9009091EB00F0
:1082200090FF04C09091EE0097FD08C08F7080937E
:10823000E9001092490B08951092F1009091E80026
:1082400095FDFACF9091E80090FFF0CF9091E80073
:108250009E779093E800EACF42E061EC81E00BD397
:1082600042E261EC82E007D342E261EC83E003D3B7
:1082700042E361E884E0FFD242E360E885E0FBD2BC
:108280009091DC0C81E0943009F080E06091D80C92
:10829000EDCC8091DE0C893081F148F4823009F414
:1082A00095C0833009F456C0813041F008958A307A
:1082B00009F47FC08B3009F467C008958091DD0C0C
:1082C000813A09F046C08091E800877F8093E800FA
:1082D0008091E10C9091E20C892B59F060E080E0F4
:1082E00090E070E00DD28091E8008B778093E800F9
:1082F000089568E08AE49BE0F4CF8091DD0C813240
:1083000041F58091E10C9091E20C029710F580917B
:10831000E800877F8093E8008091E80082FF15C025
:108320008091F2009091F300029731F48091F10076
:10833000813011F0863019F48091F100D1DC809108
:10834000E8008B778093E800CAC28091DC0C811131
:10835000E3CF08958091DD0C813AD9F78091E10C4B
:108360009091E20C892BA9F78091E800877F809398
:10837000E8008091E80080FFFCCFAFDC8093F10043
:108380008091E8008E77DECF8091DD0C813209F795
:108390008091E10C9091E20C892BD9F68091E80054
:1083A000877F8093E8009BD28091DF0C87DC0C9460
:1083B000260C8091DD0C813261F68091E800877F88
:1083C0008093E8008CD28091E00C98CC8091DD0CF9
:1083D000813A09F0BECF8091E800877F8093E80062
:1083E0008091E80080FFFCCF94DCC8CF9FB7F89461
:1083F0001092490B9FBF9091DC0C943009F047C05C
:108400002091E9009091EC002F7090FB992797F94B
:10841000922B23E02093E9002091EB0020FF34C051
:108420002091EE0027FF30C02091470B211521F04D
:108430002091E80025FF28C01092470B26E03091DC
:10844000E80035FF14C08093F1008091E80085FDBD
:1084500027C08091E80080FFFCCF8091E8008E77F4
:108460008093E8009F709093E90080E00895309138
:10847000DC0C343049F43091EB0035FD05C021505F
:1084800041F481E08093470B9F709093E9008FEF58
:108490000895EFE9FFE03197F1F700C00000CFCF7A
:1084A0008FB7F89421E02093490B8FBFDBCFBC013D
:1084B00087E696E03AC5BC0187E696E07DC50E9456
:1084C000412284B7877F84BF0FB6F894A895809126
:1084D0006000886180936000109260000FBE80E8A9
:1084E00090E00FB6F89480936100909361000FBE06
:1084F000E3CB45D299D2E2EEF0E0808184608083C4
:108500007894FAC483E796E086C9089587E696E0F2
:1085100043C59A014091E30C5091E40C00C0492FEF
:1085200050E043305105D1F078F44130510509F461
:1085300048C04230510571F488EB90E040E858E0C3
:10854000F90140835183089541325105E9F04232E7
:10855000510539F180E090E040E0F2CF482F50E043
:10856000813061F04230510561F0ECE7F8E04115EF
:10857000510581F7849190E0AF01E2CFE0E7F8E0A8
:10858000F9CFE4E5F8E0F6CF6330710518F7660F30
:10859000771FFB01E454F84F4081518189E090E05E
:1085A000CFCF63307105B0F6FB01EE0FFF1FEA5429
:1085B000F84F408151816D54784FFB01808190E0EC
:1085C000BFCF82E190E048E359E0BACFAF92BF92CB
:1085D000CF92DF92FF920F931F93CF93DF936C01A3
:1085E000EB018A019BD1F82E811123C001151105E1
:1085F00039F0F80180819181C81BD90BC80ED91EB2
:10860000A12CB12C2097A9F08091E80085FD21C014
:108610008091E8008E778093E80001151105A1F0A4
:10862000F801808191818A0D9B1D8083918385E073
:10863000F82E8F2DDF91CF911F910F91FF90DF903A
:10864000CF90BF90AF90089569D18115E9F2F82ECF
:10865000F0CFF60181916F018093F10021978FEFA8
:10866000A81AB80ACFCFAF92BF92CF92DF92FF92F3
:108670000F931F93CF93DF936C01EB018A014ED1CF
:10868000F82E811123C00115110539F0F801808100
:108690009181C81BD90BC80ED91EA12CB12C2097D3
:1086A000A9F08091E80085FD21C08091E8008B77DA
:1086B0008093E80001151105A1F0F80180819181F6
:1086C0008A0D9B1D8083918385E0F82E8F2DDF918D
:1086D000CF911F910F91FF90DF90CF90BF90AF90FF
:1086E00008951CD18115E9F2F82EF0CF8091F100A8
:1086F000F60181936F0121978FEFA81AB80ACFCFA7
:10870000FC012091E30C3091E40C2617370720F090
:108710006115710569F09B0190E02115310571F437
:1087200091110CC08091E80082FF37C080E008956D
:108730009091E8009E779093E800EDCF8091DC0C5B
:108740008115B9F18530B9F18091E80083FD2FC022
:108750008091E80082FDE6CF8091E80080FFDDCFC8
:108760004091F2005091F3002115310519F0483085
:10877000510558F091E04830510509F090E04091E2
:10878000E8004E774093E800C8CF81918093F100D4
:10879000215031094F5F5F4FE7CF8091DC0C81158D
:1087A00041F0853041F08091E80083FFBBCF81E04C
:1087B000089582E0089583E00895FC012091E30C80
:1087C0003091E40C2617370720F06115710569F028
:1087D0009B0190E02115310571F491110CC080913D
:1087E000E80082FF38C080E008958091E8008E772D
:1087F0008093E800EDCF8091DC0C8115C1F18530CC
:10880000C1F18091E80083FD30C08091E80082FDD5
:10881000E6CF8091E80080FFDDCF4091F2005091DB
:10882000F3002115310519F04830510558F091E059
:108830004830510509F090E08091E8008E778093F0
:10884000E800C8CF84918093F1003196215031091E
:108850004F5F5F4FE6CF8091DC0C811541F0853092
:1088600041F08091E80083FFBACF81E0089582E073
:10887000089583E00895982F973028F08F708093A3
:10888000E90081E008959093E900242F762F50E0CD
:10889000981731F07091EC002091ED005091F000AC
:1088A00021FD02C09F5FE8CF3091EB003E7F309307
:1088B000EB003091ED003D7F3093ED003091EB0007
:1088C00031603093EB007093EC002093ED005093F7
:1088D000F0002091EE0027FDE5CF80E00895809123
:1088E000DD0C87FF13C08091E80082FF06C08091F5
:1088F000E8008B778093E80008958091DC0C81116B
:10890000F2CF08958091DC0C8115D9F38091E800B5
:1089100080FFF8CF8091E8008E77ECCF2091E400C3
:108920003091E50095E6A9012091EC00822F81703D
:1089300020FF06C08091E80080FF06C080E0089517
:108940002091E80022FD1AC08091DC0C811589F08D
:10895000853089F08091EB0085FD0FC02091E40007
:108960003091E50042175307F9F29150E1F684E0A7
:10897000089582E0089583E0089581E0089561D02C
:1089800068D0E0EEF0E0808181608083E8ED808156
:108990008F77808319BCA7EDB0E08C918E7F8C938C
:1089A00080818F7E80831092DB0C0895CF93DF93BC
:1089B00048D04FD0C8EDD0E088818F7788838881F8
:1089C0008068888388818F7D8883E7EDF0E08081EF
:1089D0008068808319BC1092DC0C1092D80C109225
:1089E000DA0C1092D90CE0EE80818B7F8083888135
:1089F0008160888342E060E080E03DDFE1EEF0E00E
:108A000080818E7F8083E2EE80818160808380819F
:108A100088608083E0EE80818E7F808388818061A2
:108A20008883DF91CF910895E8EDF0E080818F7E1B
:108A30008083E7ED80818160808381E08093DB0C1F
:108A4000B5CFE8EDF0E080818C7F80831092E2006A
:108A500008951092DA001092E10008951F920F928B
:108A60000FB60F9211240BB60F922F933F934F9393
:108A70005F936F937F938F939F93AF93BF93EF9386
:108A8000FF938091E10082FF0AC08091E20082FFA3
:108A900006C08091E1008B7F8093E1009DDB809197
:108AA000DA0080FF18C08091D80080FF14C0809148
:108AB000DA008E7F8093DA008091D90080FF91C028
:108AC00084E189BD86E189BD09B400FEFDCF81E066
:108AD0008093DC0C23DB8091E10080FF18C0809143
:108AE000E20080FF14C08091E2008E7F8093E2005C
:108AF0008091E20080618093E2008091D8008062E2
:108B00008093D80019BC85E08093DC0C32DB809127
:108B1000E10084FF28C08091E20084FF24C084E14A
:108B200089BD86E189BD09B400FEFDCF8091D800E2
:108B30008F7D8093D8008091E1008F7E8093E1004B
:108B40008091E2008F7E8093E2008091E20081605C
:108B50008093E2008091D80C811509F447C084E02D
:108B60008093DC0C1EDB8091E10083FF27C08091A5
:108B7000E20083FF23C08091E100877F8093E100C2
:108B800082E08093DC0C1092D80C8091E1008E7F03
:108B90008093E1008091E2008E7F8093E2008091DB
:108BA000E20080618093E20042E060E080E063DE0A
:108BB0008091F00088608093F000CFDAFF91EF9110
:108BC000BF91AF919F918F917F916F915F914F91E5
:108BD0003F912F910F900BBE0F900FBE0F901F90E3
:108BE000189519BC1092DC0CADDA75CF8091E300BA
:108BF00087FF02C083E0B4CF81E0B2CF1F920F9213
:108C00000FB60F9211240BB60F921F932F933F9321
:108C10004F935F936F937F938F939F93AF93BF9384
:108C2000CF93DF93EF93FF93E9EEF0E08081109113
:108C3000EC008F7010FB112717F9182B1082C0EF72
:108C4000D0E08881877F888378941ED0E9EEF0E0B9
:108C500010828881886088831F701083FF91EF9154
:108C6000DF91CF91BF91AF919F918F917F916F9144
:108C70005F914F913F912F911F910F900BBE0F90DD
:108C80000FBE0F901F901895AAE2B0E0E9E4F6E459
:108C900023C68DED9CE0FC0101962091F10020831C
:108CA0002CE0853E9207B9F7F4DA8091E80083FF63
:108CB00037C08091DD0C9091DE0C9A3088F5E92F59
:108CC000F0E0E95BF14BF0C5803889F0823841F57E
:108CD0008091E10C8F70873018F58093E9008091C6
:108CE000EB0085FB882780F91092E90006C080918F
:108CF000DA0C880F9091D90C892B9091E800977F1E
:108D00009093E8008093F1001092F1008091E800C8
:108D10008E7722C0811115C08091DF0C813001F166
:108D20008091E80083FF0AC08091E800877F8093EC
:108D3000E8008091EB0080628093EB00AA96E3E06C
:108D4000E7C5823069F78091DF0C811579F01092C8
:108D5000E9008091E800877F8093E800C0DDE0CFE4
:108D6000933009F080E08093DA0CF1CF8091E10C30
:108D70008F70282F2150263098F68093E90020919B
:108D8000EB0020FFE4CF933031F48091EB00806260
:108D90008093EB00DCCF9091EB0090619093EB001F
:108DA00021E001C0220F8A95EAF72093EA00109291
:108DB000EA008091EB008860EBCF8111B1CF809108
:108DC000DF0C8F77182F8091E3008078812B8093C0
:108DD000E3008091E800877F8093E80080DD809148
:108DE000E80080FFFCCF8091E30080688093E3007F
:108DF00083E0111101C082E08093DC0C91CF805898
:108E0000823008F08DCF8091DF0C9091E00C8C3D8A
:108E100023E0920789F583E08A838AE289834FB74A
:108E2000F894DE01139620E03EE051E2E32FF0E0FB
:108E300050935700849120FF03C082958F703F5F4D
:108E40008F708A30B8F0895C8D931D922F5F24312A
:108E500069F74FBF8091E800877F8093E8006AE25E
:108E600070E0CE0101964CDC8091E8008B77809316
:108E7000E80056CF805DE8CF6091E10C7091E20C84
:108E8000AE014F5F5F4F45DBBC01892B09F448CF32
:108E90009091E800977F9093E80089819A818DDC1A
:108EA000E3CF803809F03CCF8091E800877F809342
:108EB000E8008091D80C8093F10028CF811130CF49
:108EC0009091DF0C923008F02BCF8091E800877FE3
:108ED0008093E8009093D80C02DD8091D80C811526
:108EE00029F084E08093DC0CB7D91ACF8091E3009D
:108EF00087FDF7CF81E0F6CFCF938091DC0C811511
:108F000091F08091E900C091EC008F70C0FBCC27FC
:108F1000C7F9C82B1092E9008091E80083FDB4DE08
:108F2000CF70C093E900CF9108959B014091DC0C74
:108F30004430B9F4FC0191819F709093E90040E0C6
:108F400050E064E070E0C90141DB81110BC09091F9
:108F5000E80095FD07C09091E8009E779093E800A7
:108F6000089582E008952091DC0C243089F4FC01FE
:108F700081818F708093E9008091F2009091F300DD
:108F8000892B41F08091E8008E778093E800C6CC71
:108F900082E0089580E00895FC018091DC0C84302B
:108FA00051F491819F709093E9008091E80080FFD7
:108FB00002C0CF01D8CF08959B014091DC0C443012
:108FC00011F080E00895FC0196819F709093E90074
:108FD0008091E80082FFF5CF8091E80085FFF1CF16
:108FE00040E050E064E070E0C9013DDB8091E800C2
:108FF00085FF02C081E008958091E8008B7780931F
:10900000E800F8CF5058BB27AA270ED0D1C1C2D153
:1090100030F0C7D120F031F49F3F11F41EF4B7C1F6
:109020000EF4E095E7FB9FC1E92FD3D180F3BA1787
:10903000620773078407950718F071F49EF5EBC17A
:109040000EF4E0950B2EBA2FA02D0B01B901900163
:109050000C01CA01A0011124FF27591B99F0593FA7
:1090600050F4503E68F11A16F040A22F232F342FEF
:109070004427585FF3CF469537952795A795F0403D
:109080005395C9F77EF41F16BA0B620B730B840B52
:10909000BAF09150A1F0FF0FBB1F661F771F881F0A
:1090A000C2F70EC0BA0F621F731F841F48F4879562
:1090B00077956795B795F7959E3F08F0B3CF939551
:1090C000880F08F09927EE0F97958795089527D177
:1090D00008F481E008950CD06BC163D140F05AD1FF
:1090E00030F021F45F3F19F03EC1511195C14FC1DD
:1090F00070D198F39923C9F35523B1F3951B550B00
:10910000BB27AA2762177307840738F09F5F5F4F5A
:10911000220F331F441FAA1FA9F333D00E2E3AF09B
:10912000E0E830D091505040E695001CCAF729D0B5
:10913000FE2F27D0660F771F881FBB1F2617370704
:109140004807AB07B0E809F0BB0B802DBF01FF2734
:1091500093585F4F2AF09E3F510568F004C15CC1EF
:109160005F3FECF3983EDCF3869577956795B7956E
:10917000F7959F5FC9F7880F911D9695879597F989
:109180000895E1E0660F771F881FBB1F6217730702
:109190008407BA0720F0621B730B840BBA0BEE1F17
:1091A00088F7E095089504D06894B11135C1089509
:1091B00018D188F09F5790F0B92F9927B751A0F098
:1091C000D1F0660F771F881F991F1AF0BA95C9F75B
:1091D00012C0B13081F01FD1B1E008951CC1672FDA
:1091E000782F8827B85F39F0B93FCCF3869577950B
:1091F0006795B395D9F73EF49095809570956195F4
:109200007F4F8F4F9F4F0895E89409C097FB3EF41E
:1092100090958095709561957F4F8F4F9F4F9923C3
:10922000A9F0F92F96E9BB279395F6958795779541
:109230006795B795F111F8CFFAF4BB0F11F460FF01
:109240001BC06F5F7F4F8F4F9F4F16C0882311F059
:1092500096E911C0772321F09EE8872F762F05C06D
:10926000662371F096E8862F70E060E02AF09A9508
:10927000660F771F881FDAF7880F9695879597F9FD
:10928000089588D018F011F08CD038F480C0C4C094
:10929000E92F9FD0B0F35523C9F3E7FB621773079B
:1092A00084079507A8F199F3E92FFF2788232AF06F
:1092B0003197660F771F881FDAF7952F55274423BC
:1092C00032F091505040220F331F441FD2F7BB277A
:1092D000E91BF50B621B730B840BB109C1F222F47D
:1092E000620F731F841FB11D31972AF0660F771F1D
:1092F000881FBB1FEFCF915050405AF041F0882398
:1093000032F0660F771F881F91505040C1F7939538
:1093100030C08695779567959F5FD9F7F8CF990FFD
:109320000008550FAA0BE0E8FEEF16161706E8072F
:10933000F907C0F012161306E407F50798F0621B50
:10934000730B840B950B39F40A2661F0232B242B25
:10935000252B21F408950A2609F4A140A6958FEF44
:10936000811D811D089597F99F6780E870E060E096
:1093700008959F3F31F0915020F487957795679538
:10938000B795880F911D9695879597F908959FEF4A
:1093900080EC089500240A9416161706180609068C
:1093A000089500240A94121613061406050608955B
:1093B000092E0394000C11F4882352F0BB0F40F4E3
:1093C000BF2B11F460FF04C06F5F7F4F8F4F9F4F23
:1093D000089557FD9058440F551F59F05F3F71F0A5
:1093E0004795880F97FB991F61F09F3F79F087950C
:1093F0000895121613061406551FF2CF4695F1DF95
:1094000008C0161617061806991FF1CF8695710524
:10941000610508940895E894BB2766277727CB0158
:1094200097F908957CDF08F48FEF08950BD0C0CF33
:10943000B1DF28F0B6DF18F0952309F094CFA7CF5D
:109440001124EACFC6DFA0F3959FD1F3950F50E02A
:10945000551F629FF001729FBB27F00DB11D639FE6
:10946000AA27F00DB11DAA1F649F6627B00DA11D8C
:10947000661F829F2227B00DA11D621F739FB00D32
:10948000A11D621F839FA00D611D221F749F3327A2
:10949000A00D611D231F849F600D211D822F762F3B
:1094A0006A2F11249F5750408AF0E1F088234AF038
:1094B000EE0FFF1FBB1F661F771F881F9150504084
:1094C000A9F79E3F510570F04ECFA6CF5F3FECF35A
:1094D000983EDCF3869577956795B795F795E79570
:1094E0009F5FC1F7FE2B880F911D9695879597F981
:1094F0000895FA01EE0FFF1F30962105310599F10D
:109500006115710561F48038BFE39B0749F16894E8
:109510009038810561F08038BFEF9B0741F09923B7
:1095200042F5FF3FE1053105210511F1E89408946A
:10953000E795D901AA2329F4AB2FBE2FF85FD0F30A
:1095400010C0FF5F70F4A695E0F7F73950F019F0FE
:10955000FF3A38F49F779F930CD00F9007FC9058F8
:1095600008953EF014CF60E070E080E89FE3089536
:109570004FE79F775F934F933F932F93A0D02F9107
:109580003F914F915F9152DF05C019F40EF0EBCE81
:1095900042CFFDCE26DFC8F39638C0F707F80F920A
:1095A000E8942BE33AEA48EB5FE74EDF0F920F9225
:1095B0000F924DB75EB70F92C4D0EAE0FBE9B0E07E
:1095C00016D04F915F91EF91FF91E595EE1FFF1F30
:1095D00049F0FE57E0684427EE0F441FFA95E1F783
:1095E0004195550B33D00F9007FE27C00895DF93A8
:1095F000CF931F930F93FF92EF92DF92BBBF7B013C
:109600008C01689405C0DA2EEF011CDFFE01E8949E
:10961000A7912791379147915791AEF3EF0104DD60
:10962000FE019701A801DA9479F7DF90EF90FF909F
:109630000F911F91CF91DF9108959B01AC0160E0E4
:1096400070E080E89FE347CD8ECE93CECADEE8F38C
:109650009923D9F3940F511DBBF39150504094F0CE
:1096600059F0882332F0660F771F881F91505040C1
:10967000C1F79E3F510544F7880F911D9695879538
:1096800097F908955F3FACF0983E9CF0BB27869514
:1096900077956795B79508F4B1609395C1F7BB0FBF
:1096A00058F711F460FFE8CF6F5F7F4F8F4F9F4FE8
:1096B000E3CFB2CE0EF05DCE6ACE689454CE91DE8A
:1096C000C8F39923D1F3C6F3DF93CF931F930F937E
:1096D000FF92C92FDD2788232AF02197660F771F75
:1096E000881FDAF720E030E040E85FEB9FE388393D
:1096F00020F0803E38F021968F7785DCE2E3FBE9AD
:10970000B0E004C080DCEFE5FBE9B0E070DF8B0186
:10971000BE01EC01FB2E6F5771097595771F880B01
:10972000990B74DD28E132E741E35FE38BDEAF2D77
:109730009801AE01FF900F911F91CF91DF9174DCE2
:1097400037CEFA01DC01AA0FBB1F9B01AC01BF574A
:1097500028F422273327442750781FC0B75188F4B4
:10976000AB2F0024469537952795011CA395D2F37E
:10977000002069F0220F331F441FB395DAF30DD098
:1097800041CC61307105A0E88A07B94630F49B01ED
:10979000AC016627772788279078309621F02083C0
:1097A0003183428353830895A29FB001B39FC001C8
:1097B000A39F700D811D1124911DB29F700D811DFD
:1097C0001124911D0895992778E0880F991F961705
:1097D00008F0961B881F7A95C9F780950895AA1BF3
:1097E000BB1B51E107C0AA1FBB1FA617B70710F08C
:1097F000A61BB70B881F991F5A95A9F780959095BE
:10980000BC01CD01089597FB072E16F4009406D0F5
:1098100077FD08D0E4DF07FC05D03EF490958195F4
:109820009F4F0895709561957F4F0895A1E21A2E7C
:10983000AA1BBB1BFD010DC0AA1FBB1FEE1FFF1FF4
:10984000A217B307E407F50720F0A21BB30BE40B44
:10985000F50B661F771F881F991F1A9469F760958B
:109860007095809590959B01AC01BD01CF01089545
:10987000052E97FB16F400940FD057FD05D0D6DFC8
:1098800007FC02D046F408C05095409530952195CC
:109890003F4F4F4F5F4F089590958095709561951C
:1098A0007F4F8F4F9F4F0895EE0FFF1F0024001C26
:1098B0000BBE0790F691E02D09942F923F924F92A4
:1098C0005F926F927F928F929F92AF92BF92CF9250
:1098D000DF92EF92FF920F931F93CF93DF93CDB759
:1098E000DEB7CA1BDB0B0FB6F894DEBF0FBECDBFD1
:1098F00009942A88398848885F846E847D848C84A2
:109900009B84AA84B984C884DF80EE80FD800C81AA
:109910001B81AA81B981CE0FD11D0FB6F894DEBF8D
:109920000FBECDBFED010895CF93DF93CDB7DEB766
:109930002A970FB6F894DEBF0FBECDBF89879A87EE
:10994000FC01608171818281938100977040604049
:1099500021F464E279ED8BE597E02DE133EF41E00E
:1099600050E086DF29833A834B835C839B01AC0103
:10997000A7EAB1E4B8D06D837E838F839887ACEE7D
:10998000B4EF29813A814B815C81B9D02D813E8130
:109990004F815885260F371F481F591FC901DA010B
:1099A000B7FF03C00197A109B048E985FA85808314
:1099B0009183A283B3839F772A960FB6F894DEBF74
:1099C0000FBECDBFDF91CF910895AECF80E091E083
:1099D000ABCF80930001909301011092020110928D
:1099E00003010895FB01DC0102C005900D92415076
:1099F0005040D8F70895FB01DC0104C08D9101901F
:109A0000801921F441505040C8F7881B990B0895E4
:109A1000FB01DC0102C001900D9241505040D8F78B
:109A200008956817790768F4FB01DC01E40FF51F5E
:109A3000A40FB51F02C002900E9241505040D8F7BB
:109A40000895E6CFDC0101C06D9341505040E0F72E
:109A50000895DC01CB01FC01F999FECF06C0F2BDEF
:109A6000E1BDF89A319600B40D9241505040B8F7DC
:109A70000895F999FECF92BD81BDF89A992780B5D6
:109A80000895A8E1B0E042E050E0E5CFDC01A40F8A
:109A9000B51F4150504040F0CB01840F951F2E91CF
:109AA00005D041505040D8F70895262FF999FECFA0
:109AB00092BD81BDF89A019700B4021639F01FBA21
:109AC00020BD0FB6F894FA9AF99A0FBE089503963E
:109AD000272FECDFEADF252FE9DF242FE7CF0196E0
:109AE000272FE4DFE2CF60DEA59F900DB49F900D9D
:109AF000A49F800D911D11240895B7FFF4CFF3DFCB
:109B0000821B930B0895F894FFCF07634236B79BEF
:109B1000D8A71A39685618AEBAAB558C1D3CB7CCCD
:109B20005763BD6DEDFD753EF6177231BF00000045
:109B3000803F08000000BE922449123EABAAAA2A28
:109B4000BECDCCCC4C3E00000080BEABAAAAAA3E43
:109B500000000000BF000000803F0000000000087F
:109B60004178D3BB4387D1133D190E3CC3BD42821C
:109B7000AD2B3E68EC8276BED98FE1A93E4C80EFDA
:109B8000FFBE01C4FF7F3F0000000000360638061C
:109B9000FB05FE05020607060D0613061606681DE0
:109BA0008E1D941DAB1D841E6A1DC71EF01E151F41
:109BB000F822FC22012306230B23102315231A234A
:109BC0001F232423292349234C234F235223572384
:109BD0005C23612366236B23702375237A237F2301
:109BE00084238923B630CB30CF30D330D730DB302D
:109BF000DF30E330E730EB30EF30F330F730FB307D
:109C0000FF30033107310B310F31133117311B3165
:109C10001F31233127312B312F313331AF318A328C
:109C2000633367336C337033743378337C3380330E
:109C3000843388338C33903394339833EA386839DB
:109C4000F238A338A738F638AB38FA380639B738BF
:109C50006139BB380A39BF380E394B39C33812392C
:109C60005239C93818392E39AF38FE38B33802396D
:109C7000DF3823393D395B395F399D38EE386F392C
:109C8000E63BEC3BD73BE03BF23BF83BFE3B64461C
:109C90008A4690468A469046DD46FF4690465147A2
:029CA0005E471D
:109CA20001000000101F1A190F1B0B2401000001F4
:109CB2000001010000010100010000010001020396
:109CC2000405060708090A0B0C0D0E0F10111213DA
:109CD2001415161718191A1B1C1D1E1F20212223CA
:109CE20024252627282A2B2C2D2E2F300000140065
:109CF20028003D00510065007A008E00A200B700E6
:109D0200CB00DF000015141528153D1551156515FA
:109D12007A158E15A215B715CB15DF15002A142A50
:109D2200282A3D2A512A652A7A2A8E2AA22AB72A65
:109D3200CB2ADF2A003F143F283F3D3F513F653F7A
:109D42006F3F7A3F8E3FA23FB73FCB3FDF3F0104D9
:109D520004040404040404040401010404040404C7
:109D620004040404040101040404040404040404B7
:109D72000401010101010104040401010101013294
:109D820000460AA7CF44000000410000DC44000066
:109D92000041000000000000804000005C4500001F
:109DA2004041000000000000804052D024450000E5
:109DB20040410AA7CF44000000410000DC440000FB
:109DC2000041000000000000804052D02445000005
:109DD2004041000000000000804000005C4500009F
:109DE20040410AA7CF44000000410000DC440000CB
:109DF2000041000000000000804052D024450000D5
:109E0200804100000000000000000000000000008F
:109E12000000000000000000000000000000000040
:109E22000000000000000000000000000000000030
:109E32000000000000000000000000000000000020
:109E42000000000000000000000000000000000010
:109E52000000000000000000000000000000000000
:109E620000000AA7CF44000000410000DC440000CB
:109E72000041000000000000804052D02445000054
:109E8200404100000000000080400AA74F4500004A
:109E9200404100000000000000000000000000003F
:109EA20000000000000000000000000000000000B0
:109EB20000000000000000000000000000000000A0
:109EC2000000000000000000000000000000000090
:109ED2000000000000000000000000000000000080
:109EE20000000AA7CF44000000410000DC4400004B
:109EF2000041000000000000804052D024450000D4
:109F0200004100000000000080405CFF3845000076
:109F12000041000000000000804052D024450000B3
:109F220000410000000000000000000000000000EE
:109F3200000000000000000000000000000000001F
:109F4200000000000000000000000000000000000F
:109F520000000000000000000000000000000000FF
:109F620000005E087E0800005C44000080415C97AF
:109F72008A440000804152D0A44400008041000085
:109F8200DC44000080410152D02445000000410021
:109F920000DC440000004152D0A4440000404100D3
:109FA20000DC440000004100005C4400000041006D
:109FB200005C44000000410000DC4400000041520B
:109FC200D02445000040415C970A45000000415200
:109FD200D0A444000000410000DC44000000415CC9
:109FE200970A450000A041780000003E0000003FB3
:109FF20032320032000300FF00FFFF390548F176DC
:10A00200440000C04000005C440000C04048F176BB
:10A01200440000C04000005C440000C04000005CFE
:10A02200440000004100005C440000004148F17619
:10A03200440000C04000005C440000C04048F1768B
:10A04200440000C04000005C440000C04000005CCE
:10A05200440000004100005C44000000410000DCBC
:10A0620044000000410AA7CF44000000415CFFB851
:10A07200440000004152D0A444000000411FD59288
:10A0820044000000415C978A440000004148F17698
:10A09200440000004100005C440000004100005CFC
:10A0A200440000004148F17644000000415C978A78
:10A0B20044000000411FD592440000004152D0A448
:10A0C20044000000415CFFB844000000410AA7CFF1
:10A0D20044000000410000DC44000000410000DCBC
:10A0E20044000000410AA7CF44000000415CFFB8D1
:10A0F200440000004152D0A444000000411FD59208
:10A1020044000000415C978A440000004148F17617
:10A11200440000004100005C440000004100005C7B
:10A12200440000004148F17644000000415C978AF7
:10A1320044000000411FD592440000004152D0A4C7
:10A1420044000000415CFFB844000000410AA7CF70
:10A1520044000000410000DC440000004100005CBB
:10A1620044000080411F1569440000804148F17697
:10A17200440000804100D08244000080415C978A04
:10A182004400008041A4D024440000804100005CCF
:10A1920044000080411FD59244000080415CFFC30F
:10A1A200440000804100000000000000005CFF430A
:10A1B20044000080411FD59244000080410000DC31
:10A1C200440000804152D02445000080410000003C
:10A1D200000000000000005C440000804148F1766D
:10A1E20044000080415C978A44000080411FD59260
:10A1F200440000804152D0A4440000804164000326
:10A2020007000C000001000484400000010540002A
:10A212000001007B3E794074404C406F40000204D4
:10A222000507090B0C0E1011131517181A1C1D1F08
:10A232002123242628292B2D2F3032343537393B40
:10A2420000FFFF0002040507090B0C0E1011131585
:10A2520017181A1C1D1F2123242628292B2D2F30C5
:10A2620032343537393BE200E900EA00B500B60086
:10A27200B700CD008301CC008A0192019401210232
:10A28200230224022502260227022A02B300B40076
:10A292006F0070009F01CB019F02A002E200E90063
:10A2A200EA00B500B600B700CD008301CC008A01F8
:10A2B200920194012102230224022502260227028E
:10A2C2002A02B300B4006F0070009F01CB019F020D
:10A2D200A002C6C3C4939495600706C1C09730C755
:10A2E200F0F13149803F5D8B803FF8BF803FCAE18A
:10A2F200803F73ED803FCAE1803FF8BF803F5D8BB6
:10A30200803F3149803F0000803FF16D7F3F75EA19
:10A312007E3F4C827E3F833F7E3F84287E3F833F49
:10A322007E3F4C827E3F75EA7E3FF16D7F3F0000AB
:10A33200803F030102034E4F454550524F4D00FFEF
:10A3420000003131295A1B750A1C38F8364537315D
:10A35200387476446F15CE095F094A099208AB0832
:02A36200C4082D
:00000001FF
